{
    "logs": [
        {
            "outputFile": "/Users/sreeram-10645/Desktop/BookCave/app/build/intermediates/incremental/mergeDebugResources/merged.dir/values-en-rGB/values-en-rGB.xml",
            "map": [
                {
                    "source": "/Users/sreeram-10645/.gradle/caches/transforms-2/files-2.1/b4f07f32e4554f54f8ae4a9ce2b5d984/jetified-play-services-base-17.1.0/res/values-en-rGB/values.xml",
                    "from": {
                        "startLines": "4,5,6,7,8,9,10,11,12,13,14,15,16,17,18,19,20",
                        "startColumns": "0,0,0,0,0,0,0,0,0,0,0,0,0,0,0,0,0",
                        "startOffsets": "249,352,536,659,764,974,1095,1237,1365,1583,1686,1869,1992,2197,2371,2460,2548",
                        "endColumns": "102,183,122,104,209,120,141,127,217,102,182,122,204,173,88,87,103",
                        "endOffsets": "351,535,658,763,973,1094,1236,1364,1582,1685,1868,1991,2196,2370,2459,2547,2651"
                    },
                    "to": {
                        "startLines": "37,38,39,40,41,42,43,44,46,47,48,49,50,51,52,53,54",
                        "startColumns": "4,4,4,4,4,4,4,4,4,4,4,4,4,4,4,4,4",
                        "startOffsets": "3303,3410,3594,3721,3830,4040,4165,4311,4640,4858,4965,5148,5275,5480,5658,5751,5843",
                        "endColumns": "106,183,126,108,209,124,145,131,217,106,182,126,204,177,92,91,107",
                        "endOffsets": "3405,3589,3716,3825,4035,4160,4306,4438,4853,4960,5143,5270,5475,5653,5746,5838,5946"
                    }
                },
                {
                    "source": "/Users/sreeram-10645/.gradle/caches/transforms-2/files-2.1/0fb1a06253dd1fd4daeeafdcd1f6a104/navigation-ui-2.3.4/res/values-en-rGB/values-en-rGB.xml",
                    "from": {
                        "startLines": "2,3",
                        "startColumns": "4,4",
                        "startOffsets": "55,161",
                        "endColumns": "105,116",
                        "endOffsets": "156,273"
                    },
                    "to": {
                        "startLines": "104,105",
                        "startColumns": "4,4",
                        "startOffsets": "9726,9832",
                        "endColumns": "105,116",
                        "endOffsets": "9827,9944"
                    }
                },
                {
                    "source": "/Users/sreeram-10645/.gradle/caches/transforms-2/files-2.1/3ec4a919a4a852817eb0bd6abe47cd00/core-1.5.0/res/values-en-rGB/values-en-rGB.xml",
                    "from": {
                        "startLines": "2",
                        "startColumns": "4",
                        "startOffsets": "55",
                        "endColumns": "100",
                        "endOffsets": "151"
                    },
                    "to": {
                        "startLines": "108",
                        "startColumns": "4",
                        "startOffsets": "10110",
                        "endColumns": "100",
                        "endOffsets": "10206"
                    }
                },
                {
                    "source": "/Users/sreeram-10645/.gradle/caches/transforms-2/files-2.1/e8c2e83920589a500fed0d2556b72027/appcompat-1.3.1/res/values-en-rGB/values-en-rGB.xml",
                    "from": {
                        "startLines": "2,3,4,5,6,7,8,9,10,11,12,13,14,15,16,17,18,19,20,21,22,23,24,25,26,27,28,29",
                        "startColumns": "4,4,4,4,4,4,4,4,4,4,4,4,4,4,4,4,4,4,4,4,4,4,4,4,4,4,4,4",
                        "startOffsets": "105,209,309,417,501,601,716,794,869,960,1053,1148,1242,1342,1435,1530,1624,1715,1806,1888,1991,2094,2193,2298,2402,2506,2662,2762",
                        "endColumns": "103,99,107,83,99,114,77,74,90,92,94,93,99,92,94,93,90,90,81,102,102,98,104,103,103,155,99,82",
                        "endOffsets": "204,304,412,496,596,711,789,864,955,1048,1143,1237,1337,1430,1525,1619,1710,1801,1883,1986,2089,2188,2293,2397,2501,2657,2757,2840"
                    },
                    "to": {
                        "startLines": "6,7,8,9,10,11,12,13,14,15,16,17,18,19,20,21,22,23,24,25,26,27,28,29,30,31,32,107",
                        "startColumns": "4,4,4,4,4,4,4,4,4,4,4,4,4,4,4,4,4,4,4,4,4,4,4,4,4,4,4,4",
                        "startOffsets": "277,381,481,589,673,773,888,966,1041,1132,1225,1320,1414,1514,1607,1702,1796,1887,1978,2060,2163,2266,2365,2470,2574,2678,2834,10027",
                        "endColumns": "103,99,107,83,99,114,77,74,90,92,94,93,99,92,94,93,90,90,81,102,102,98,104,103,103,155,99,82",
                        "endOffsets": "376,476,584,668,768,883,961,1036,1127,1220,1315,1409,1509,1602,1697,1791,1882,1973,2055,2158,2261,2360,2465,2569,2673,2829,2929,10105"
                    }
                },
                {
                    "source": "/Users/sreeram-10645/.gradle/caches/transforms-2/files-2.1/80c0bace7931a1d0598ee7c9ea4f6198/jetified-play-services-basement-17.1.0/res/values-en-rGB/values.xml",
                    "from": {
                        "startLines": "4",
                        "startColumns": "0",
                        "startOffsets": "251",
                        "endColumns": "196",
                        "endOffsets": "447"
                    },
                    "to": {
                        "startLines": "45",
                        "startColumns": "4",
                        "startOffsets": "4443",
                        "endColumns": "196",
                        "endOffsets": "4635"
                    }
                },
                {
                    "source": "/Users/sreeram-10645/.gradle/caches/transforms-2/files-2.1/18bb10d02c50c1d885e21793df22f358/material-1.4.0-alpha01/res/values-en-rGB/values-en-rGB.xml",
                    "from": {
                        "startLines": "2,6,7,8,9,10,11,12,13,14,15,16,17,18,19,20,21,22,23,24,25,26,27,28,29,30,31,32,33,34,35,36,37,38,39,40,41,42,43,44,45,46,47,48,49,50,51,52,53,54,55,56,57,58,59",
                        "startColumns": "4,4,4,4,4,4,4,4,4,4,4,4,4,4,4,4,4,4,4,4,4,4,4,4,4,4,4,4,4,4,4,4,4,4,4,4,4,4,4,4,4,4,4,4,4,4,4,4,4,4,4,4,4,4,4",
                        "startOffsets": "55,227,304,402,517,596,661,751,818,877,967,1031,1094,1163,1227,1281,1393,1451,1513,1567,1639,1761,1848,1929,2039,2116,2197,2288,2355,2421,2491,2568,2655,2726,2803,2872,2941,3032,3104,3193,3282,3356,3428,3514,3564,3630,3710,3794,3856,3920,3983,4083,4180,4272,4371",
                        "endLines": "5,6,7,8,9,10,11,12,13,14,15,16,17,18,19,20,21,22,23,24,25,26,27,28,29,30,31,32,33,34,35,36,37,38,39,40,41,42,43,44,45,46,47,48,49,50,51,52,53,54,55,56,57,58,59",
                        "endColumns": "12,76,97,114,78,64,89,66,58,89,63,62,68,63,53,111,57,61,53,71,121,86,80,109,76,80,90,66,65,69,76,86,70,76,68,68,90,71,88,88,73,71,85,49,65,79,83,61,63,62,99,96,91,98,77",
                        "endOffsets": "222,299,397,512,591,656,746,813,872,962,1026,1089,1158,1222,1276,1388,1446,1508,1562,1634,1756,1843,1924,2034,2111,2192,2283,2350,2416,2486,2563,2650,2721,2798,2867,2936,3027,3099,3188,3277,3351,3423,3509,3559,3625,3705,3789,3851,3915,3978,4078,4175,4267,4366,4444"
                    },
                    "to": {
                        "startLines": "2,33,34,35,36,55,56,57,58,59,60,61,62,63,64,65,66,67,68,69,70,71,72,73,74,75,76,77,78,79,80,81,82,83,84,85,86,87,88,89,90,91,92,93,94,95,96,97,98,99,100,101,102,103,106",
                        "startColumns": "4,4,4,4,4,4,4,4,4,4,4,4,4,4,4,4,4,4,4,4,4,4,4,4,4,4,4,4,4,4,4,4,4,4,4,4,4,4,4,4,4,4,4,4,4,4,4,4,4,4,4,4,4,4,4",
                        "startOffsets": "105,2934,3011,3109,3224,5951,6016,6106,6173,6232,6322,6386,6449,6518,6582,6636,6748,6806,6868,6922,6994,7116,7203,7284,7394,7471,7552,7643,7710,7776,7846,7923,8010,8081,8158,8227,8296,8387,8459,8548,8637,8711,8783,8869,8919,8985,9065,9149,9211,9275,9338,9438,9535,9627,9949",
                        "endLines": "5,33,34,35,36,55,56,57,58,59,60,61,62,63,64,65,66,67,68,69,70,71,72,73,74,75,76,77,78,79,80,81,82,83,84,85,86,87,88,89,90,91,92,93,94,95,96,97,98,99,100,101,102,103,106",
                        "endColumns": "12,76,97,114,78,64,89,66,58,89,63,62,68,63,53,111,57,61,53,71,121,86,80,109,76,80,90,66,65,69,76,86,70,76,68,68,90,71,88,88,73,71,85,49,65,79,83,61,63,62,99,96,91,98,77",
                        "endOffsets": "272,3006,3104,3219,3298,6011,6101,6168,6227,6317,6381,6444,6513,6577,6631,6743,6801,6863,6917,6989,7111,7198,7279,7389,7466,7547,7638,7705,7771,7841,7918,8005,8076,8153,8222,8291,8382,8454,8543,8632,8706,8778,8864,8914,8980,9060,9144,9206,9270,9333,9433,9530,9622,9721,10022"
                    }
                }
            ]
        }
    ]
}