{
    "logs": [
        {
            "outputFile": "/Users/sreeram-10645/Desktop/BookCave/app/build/intermediates/incremental/mergeDebugResources/merged.dir/values-pt-rBR/values-pt-rBR.xml",
            "map": [
                {
                    "source": "/Users/sreeram-10645/.gradle/caches/transforms-2/files-2.1/18bb10d02c50c1d885e21793df22f358/material-1.4.0-alpha01/res/values-pt-rBR/values-pt-rBR.xml",
                    "from": {
                        "startLines": "2,6,7,8,9,10,11,12,13,14,15,16,17,18,19,20,21,22,23,24,25,26,27,28,29,30,31,32,33,34,35,36,37,38,39,40,41,42,43,44,45,46,47,48,49,50,51,52,53,54,55,56,57,58,59",
                        "startColumns": "4,4,4,4,4,4,4,4,4,4,4,4,4,4,4,4,4,4,4,4,4,4,4,4,4,4,4,4,4,4,4,4,4,4,4,4,4,4,4,4,4,4,4,4,4,4,4,4,4,4,4,4,4,4,4",
                        "startOffsets": "55,228,312,413,533,614,678,770,849,909,999,1070,1133,1208,1272,1326,1453,1511,1573,1627,1706,1847,1934,2016,2125,2208,2292,2379,2446,2512,2586,2666,2753,2826,2903,2972,3046,3134,3211,3304,3400,3474,3554,3651,3703,3769,3856,3944,4006,4070,4133,4245,4354,4461,4571",
                        "endLines": "5,6,7,8,9,10,11,12,13,14,15,16,17,18,19,20,21,22,23,24,25,26,27,28,29,30,31,32,33,34,35,36,37,38,39,40,41,42,43,44,45,46,47,48,49,50,51,52,53,54,55,56,57,58,59",
                        "endColumns": "12,83,100,119,80,63,91,78,59,89,70,62,74,63,53,126,57,61,53,78,140,86,81,108,82,83,86,66,65,73,79,86,72,76,68,73,87,76,92,95,73,79,96,51,65,86,87,61,63,62,111,108,106,109,76",
                        "endOffsets": "223,307,408,528,609,673,765,844,904,994,1065,1128,1203,1267,1321,1448,1506,1568,1622,1701,1842,1929,2011,2120,2203,2287,2374,2441,2507,2581,2661,2748,2821,2898,2967,3041,3129,3206,3299,3395,3469,3549,3646,3698,3764,3851,3939,4001,4065,4128,4240,4349,4456,4566,4643"
                    },
                    "to": {
                        "startLines": "2,33,34,35,36,55,56,57,58,59,60,61,62,63,64,65,66,67,68,69,70,71,72,73,74,75,76,77,78,79,80,81,82,83,84,85,86,87,88,89,90,91,92,93,94,95,96,97,98,99,100,101,102,103,106",
                        "startColumns": "4,4,4,4,4,4,4,4,4,4,4,4,4,4,4,4,4,4,4,4,4,4,4,4,4,4,4,4,4,4,4,4,4,4,4,4,4,4,4,4,4,4,4,4,4,4,4,4,4,4,4,4,4,4,4",
                        "startOffsets": "105,3016,3100,3201,3321,6153,6217,6309,6388,6448,6538,6609,6672,6747,6811,6865,6992,7050,7112,7166,7245,7386,7473,7555,7664,7747,7831,7918,7985,8051,8125,8205,8292,8365,8442,8511,8585,8673,8750,8843,8939,9013,9093,9190,9242,9308,9395,9483,9545,9609,9672,9784,9893,10000,10342",
                        "endLines": "5,33,34,35,36,55,56,57,58,59,60,61,62,63,64,65,66,67,68,69,70,71,72,73,74,75,76,77,78,79,80,81,82,83,84,85,86,87,88,89,90,91,92,93,94,95,96,97,98,99,100,101,102,103,106",
                        "endColumns": "12,83,100,119,80,63,91,78,59,89,70,62,74,63,53,126,57,61,53,78,140,86,81,108,82,83,86,66,65,73,79,86,72,76,68,73,87,76,92,95,73,79,96,51,65,86,87,61,63,62,111,108,106,109,76",
                        "endOffsets": "273,3095,3196,3316,3397,6212,6304,6383,6443,6533,6604,6667,6742,6806,6860,6987,7045,7107,7161,7240,7381,7468,7550,7659,7742,7826,7913,7980,8046,8120,8200,8287,8360,8437,8506,8580,8668,8745,8838,8934,9008,9088,9185,9237,9303,9390,9478,9540,9604,9667,9779,9888,9995,10105,10414"
                    }
                },
                {
                    "source": "/Users/sreeram-10645/.gradle/caches/transforms-2/files-2.1/80c0bace7931a1d0598ee7c9ea4f6198/jetified-play-services-basement-17.1.0/res/values-pt-rBR/values.xml",
                    "from": {
                        "startLines": "4",
                        "startColumns": "0",
                        "startOffsets": "251",
                        "endColumns": "203",
                        "endOffsets": "454"
                    },
                    "to": {
                        "startLines": "45",
                        "startColumns": "4",
                        "startOffsets": "4572",
                        "endColumns": "203",
                        "endOffsets": "4771"
                    }
                },
                {
                    "source": "/Users/sreeram-10645/.gradle/caches/transforms-2/files-2.1/0fb1a06253dd1fd4daeeafdcd1f6a104/navigation-ui-2.3.4/res/values-pt-rBR/values-pt-rBR.xml",
                    "from": {
                        "startLines": "2,3",
                        "startColumns": "4,4",
                        "startOffsets": "55,167",
                        "endColumns": "111,119",
                        "endOffsets": "162,282"
                    },
                    "to": {
                        "startLines": "104,105",
                        "startColumns": "4,4",
                        "startOffsets": "10110,10222",
                        "endColumns": "111,119",
                        "endOffsets": "10217,10337"
                    }
                },
                {
                    "source": "/Users/sreeram-10645/.gradle/caches/transforms-2/files-2.1/3ec4a919a4a852817eb0bd6abe47cd00/core-1.5.0/res/values-pt-rBR/values-pt-rBR.xml",
                    "from": {
                        "startLines": "2",
                        "startColumns": "4",
                        "startOffsets": "55",
                        "endColumns": "100",
                        "endOffsets": "151"
                    },
                    "to": {
                        "startLines": "108",
                        "startColumns": "4",
                        "startOffsets": "10505",
                        "endColumns": "100",
                        "endOffsets": "10601"
                    }
                },
                {
                    "source": "/Users/sreeram-10645/.gradle/caches/transforms-2/files-2.1/b4f07f32e4554f54f8ae4a9ce2b5d984/jetified-play-services-base-17.1.0/res/values-pt-rBR/values.xml",
                    "from": {
                        "startLines": "4,5,6,7,8,9,10,11,12,13,14,15,16,17,18,19,20",
                        "startColumns": "0,0,0,0,0,0,0,0,0,0,0,0,0,0,0,0,0",
                        "startOffsets": "249,352,532,657,763,989,1117,1265,1395,1624,1730,1925,2053,2269,2452,2547,2639",
                        "endColumns": "102,179,124,105,225,127,147,129,228,105,194,127,215,182,94,91,108",
                        "endOffsets": "351,531,656,762,988,1116,1264,1394,1623,1729,1924,2052,2268,2451,2546,2638,2747"
                    },
                    "to": {
                        "startLines": "37,38,39,40,41,42,43,44,46,47,48,49,50,51,52,53,54",
                        "startColumns": "4,4,4,4,4,4,4,4,4,4,4,4,4,4,4,4,4",
                        "startOffsets": "3402,3509,3689,3818,3928,4154,4286,4438,4776,5005,5115,5310,5442,5658,5845,5944,6040",
                        "endColumns": "106,179,128,109,225,131,151,133,228,109,194,131,215,186,98,95,112",
                        "endOffsets": "3504,3684,3813,3923,4149,4281,4433,4567,5000,5110,5305,5437,5653,5840,5939,6035,6148"
                    }
                },
                {
                    "source": "/Users/sreeram-10645/.gradle/caches/transforms-2/files-2.1/e8c2e83920589a500fed0d2556b72027/appcompat-1.3.1/res/values-pt-rBR/values-pt-rBR.xml",
                    "from": {
                        "startLines": "2,3,4,5,6,7,8,9,10,11,12,13,14,15,16,17,18,19,20,21,22,23,24,25,26,27,28,29",
                        "startColumns": "4,4,4,4,4,4,4,4,4,4,4,4,4,4,4,4,4,4,4,4,4,4,4,4,4,4,4,4",
                        "startOffsets": "105,225,331,438,527,628,747,832,912,1003,1096,1191,1285,1385,1478,1573,1668,1759,1850,1935,2042,2153,2255,2363,2471,2581,2743,2843",
                        "endColumns": "119,105,106,88,100,118,84,79,90,92,94,93,99,92,94,94,90,90,84,106,110,101,107,107,109,161,99,85",
                        "endOffsets": "220,326,433,522,623,742,827,907,998,1091,1186,1280,1380,1473,1568,1663,1754,1845,1930,2037,2148,2250,2358,2466,2576,2738,2838,2924"
                    },
                    "to": {
                        "startLines": "6,7,8,9,10,11,12,13,14,15,16,17,18,19,20,21,22,23,24,25,26,27,28,29,30,31,32,107",
                        "startColumns": "4,4,4,4,4,4,4,4,4,4,4,4,4,4,4,4,4,4,4,4,4,4,4,4,4,4,4,4",
                        "startOffsets": "278,398,504,611,700,801,920,1005,1085,1176,1269,1364,1458,1558,1651,1746,1841,1932,2023,2108,2215,2326,2428,2536,2644,2754,2916,10419",
                        "endColumns": "119,105,106,88,100,118,84,79,90,92,94,93,99,92,94,94,90,90,84,106,110,101,107,107,109,161,99,85",
                        "endOffsets": "393,499,606,695,796,915,1000,1080,1171,1264,1359,1453,1553,1646,1741,1836,1927,2018,2103,2210,2321,2423,2531,2639,2749,2911,3011,10500"
                    }
                }
            ]
        }
    ]
}