{
    "logs": [
        {
            "outputFile": "/Users/sreeram-10645/Desktop/BookCave/app/build/intermediates/incremental/mergeDebugResources/merged.dir/values-mk/values-mk.xml",
            "map": [
                {
                    "source": "/Users/sreeram-10645/.gradle/caches/transforms-2/files-2.1/80c0bace7931a1d0598ee7c9ea4f6198/jetified-play-services-basement-17.1.0/res/values-mk/values.xml",
                    "from": {
                        "startLines": "4",
                        "startColumns": "0",
                        "startOffsets": "247",
                        "endColumns": "195",
                        "endOffsets": "442"
                    },
                    "to": {
                        "startLines": "45",
                        "startColumns": "4",
                        "startOffsets": "4557",
                        "endColumns": "195",
                        "endOffsets": "4748"
                    }
                },
                {
                    "source": "/Users/sreeram-10645/.gradle/caches/transforms-2/files-2.1/b4f07f32e4554f54f8ae4a9ce2b5d984/jetified-play-services-base-17.1.0/res/values-mk/values.xml",
                    "from": {
                        "startLines": "4,5,6,7,8,9,10,11,12,13,14,15,16,17,18,19,20",
                        "startColumns": "0,0,0,0,0,0,0,0,0,0,0,0,0,0,0,0,0",
                        "startOffsets": "245,350,543,674,782,986,1117,1263,1398,1614,1719,1916,2047,2259,2444,2539,2629",
                        "endColumns": "104,192,130,107,203,130,145,134,215,104,196,130,211,184,94,89,103",
                        "endOffsets": "349,542,673,781,985,1116,1262,1397,1613,1718,1915,2046,2258,2443,2538,2628,2732"
                    },
                    "to": {
                        "startLines": "37,38,39,40,41,42,43,44,46,47,48,49,50,51,52,53,54",
                        "startColumns": "4,4,4,4,4,4,4,4,4,4,4,4,4,4,4,4,4",
                        "startOffsets": "3380,3489,3682,3817,3929,4133,4268,4418,4753,4969,5078,5275,5410,5622,5811,5910,6004",
                        "endColumns": "108,192,134,111,203,134,149,138,215,108,196,134,211,188,98,93,107",
                        "endOffsets": "3484,3677,3812,3924,4128,4263,4413,4552,4964,5073,5270,5405,5617,5806,5905,5999,6107"
                    }
                },
                {
                    "source": "/Users/sreeram-10645/.gradle/caches/transforms-2/files-2.1/0fb1a06253dd1fd4daeeafdcd1f6a104/navigation-ui-2.3.4/res/values-mk/values-mk.xml",
                    "from": {
                        "startLines": "2,3",
                        "startColumns": "4,4",
                        "startOffsets": "55,160",
                        "endColumns": "104,127",
                        "endOffsets": "155,283"
                    },
                    "to": {
                        "startLines": "104,105",
                        "startColumns": "4,4",
                        "startOffsets": "10026,10131",
                        "endColumns": "104,127",
                        "endOffsets": "10126,10254"
                    }
                },
                {
                    "source": "/Users/sreeram-10645/.gradle/caches/transforms-2/files-2.1/3ec4a919a4a852817eb0bd6abe47cd00/core-1.5.0/res/values-mk/values-mk.xml",
                    "from": {
                        "startLines": "2",
                        "startColumns": "4",
                        "startOffsets": "55",
                        "endColumns": "100",
                        "endOffsets": "151"
                    },
                    "to": {
                        "startLines": "108",
                        "startColumns": "4",
                        "startOffsets": "10429",
                        "endColumns": "100",
                        "endOffsets": "10525"
                    }
                },
                {
                    "source": "/Users/sreeram-10645/.gradle/caches/transforms-2/files-2.1/e8c2e83920589a500fed0d2556b72027/appcompat-1.3.1/res/values-mk/values-mk.xml",
                    "from": {
                        "startLines": "2,3,4,5,6,7,8,9,10,11,12,13,14,15,16,17,18,19,20,21,22,23,24,25,26,27,28,29",
                        "startColumns": "4,4,4,4,4,4,4,4,4,4,4,4,4,4,4,4,4,4,4,4,4,4,4,4,4,4,4,4",
                        "startOffsets": "105,213,317,425,511,619,738,822,903,994,1087,1183,1277,1377,1470,1565,1661,1752,1843,1930,2036,2142,2243,2350,2462,2566,2722,2820",
                        "endColumns": "107,103,107,85,107,118,83,80,90,92,95,93,99,92,94,95,90,90,86,105,105,100,106,111,103,155,97,84",
                        "endOffsets": "208,312,420,506,614,733,817,898,989,1082,1178,1272,1372,1465,1560,1656,1747,1838,1925,2031,2137,2238,2345,2457,2561,2717,2815,2900"
                    },
                    "to": {
                        "startLines": "6,7,8,9,10,11,12,13,14,15,16,17,18,19,20,21,22,23,24,25,26,27,28,29,30,31,32,107",
                        "startColumns": "4,4,4,4,4,4,4,4,4,4,4,4,4,4,4,4,4,4,4,4,4,4,4,4,4,4,4,4",
                        "startOffsets": "276,384,488,596,682,790,909,993,1074,1165,1258,1354,1448,1548,1641,1736,1832,1923,2014,2101,2207,2313,2414,2521,2633,2737,2893,10344",
                        "endColumns": "107,103,107,85,107,118,83,80,90,92,95,93,99,92,94,95,90,90,86,105,105,100,106,111,103,155,97,84",
                        "endOffsets": "379,483,591,677,785,904,988,1069,1160,1253,1349,1443,1543,1636,1731,1827,1918,2009,2096,2202,2308,2409,2516,2628,2732,2888,2986,10424"
                    }
                },
                {
                    "source": "/Users/sreeram-10645/.gradle/caches/transforms-2/files-2.1/18bb10d02c50c1d885e21793df22f358/material-1.4.0-alpha01/res/values-mk/values-mk.xml",
                    "from": {
                        "startLines": "2,6,7,8,9,10,11,12,13,14,15,16,17,18,19,20,21,22,23,24,25,26,27,28,29,30,31,32,33,34,35,36,37,38,39,40,41,42,43,44,45,46,47,48,49,50,51,52,53,54,55,56,57,58,59",
                        "startColumns": "4,4,4,4,4,4,4,4,4,4,4,4,4,4,4,4,4,4,4,4,4,4,4,4,4,4,4,4,4,4,4,4,4,4,4,4,4,4,4,4,4,4,4,4,4,4,4,4,4,4,4,4,4,4,4",
                        "startOffsets": "55,226,308,404,528,615,681,772,842,906,1009,1074,1134,1202,1265,1320,1448,1505,1567,1622,1697,1837,1924,2007,2110,2192,2277,2364,2431,2497,2570,2646,2735,2808,2884,2959,3029,3117,3192,3284,3376,3450,3524,3616,3669,3736,3819,3906,3968,4032,4095,4209,4316,4418,4529",
                        "endLines": "5,6,7,8,9,10,11,12,13,14,15,16,17,18,19,20,21,22,23,24,25,26,27,28,29,30,31,32,33,34,35,36,37,38,39,40,41,42,43,44,45,46,47,48,49,50,51,52,53,54,55,56,57,58,59",
                        "endColumns": "12,81,95,123,86,65,90,69,63,102,64,59,67,62,54,127,56,61,54,74,139,86,82,102,81,84,86,66,65,72,75,88,72,75,74,69,87,74,91,91,73,73,91,52,66,82,86,61,63,62,113,106,101,110,84",
                        "endOffsets": "221,303,399,523,610,676,767,837,901,1004,1069,1129,1197,1260,1315,1443,1500,1562,1617,1692,1832,1919,2002,2105,2187,2272,2359,2426,2492,2565,2641,2730,2803,2879,2954,3024,3112,3187,3279,3371,3445,3519,3611,3664,3731,3814,3901,3963,4027,4090,4204,4311,4413,4524,4609"
                    },
                    "to": {
                        "startLines": "2,33,34,35,36,55,56,57,58,59,60,61,62,63,64,65,66,67,68,69,70,71,72,73,74,75,76,77,78,79,80,81,82,83,84,85,86,87,88,89,90,91,92,93,94,95,96,97,98,99,100,101,102,103,106",
                        "startColumns": "4,4,4,4,4,4,4,4,4,4,4,4,4,4,4,4,4,4,4,4,4,4,4,4,4,4,4,4,4,4,4,4,4,4,4,4,4,4,4,4,4,4,4,4,4,4,4,4,4,4,4,4,4,4,4",
                        "startOffsets": "105,2991,3073,3169,3293,6112,6178,6269,6339,6403,6506,6571,6631,6699,6762,6817,6945,7002,7064,7119,7194,7334,7421,7504,7607,7689,7774,7861,7928,7994,8067,8143,8232,8305,8381,8456,8526,8614,8689,8781,8873,8947,9021,9113,9166,9233,9316,9403,9465,9529,9592,9706,9813,9915,10259",
                        "endLines": "5,33,34,35,36,55,56,57,58,59,60,61,62,63,64,65,66,67,68,69,70,71,72,73,74,75,76,77,78,79,80,81,82,83,84,85,86,87,88,89,90,91,92,93,94,95,96,97,98,99,100,101,102,103,106",
                        "endColumns": "12,81,95,123,86,65,90,69,63,102,64,59,67,62,54,127,56,61,54,74,139,86,82,102,81,84,86,66,65,72,75,88,72,75,74,69,87,74,91,91,73,73,91,52,66,82,86,61,63,62,113,106,101,110,84",
                        "endOffsets": "271,3068,3164,3288,3375,6173,6264,6334,6398,6501,6566,6626,6694,6757,6812,6940,6997,7059,7114,7189,7329,7416,7499,7602,7684,7769,7856,7923,7989,8062,8138,8227,8300,8376,8451,8521,8609,8684,8776,8868,8942,9016,9108,9161,9228,9311,9398,9460,9524,9587,9701,9808,9910,10021,10339"
                    }
                }
            ]
        }
    ]
}