{
    "logs": [
        {
            "outputFile": "/Users/sreeram-10645/Desktop/BookCave/app/build/intermediates/incremental/mergeDebugResources/merged.dir/values-sq/values-sq.xml",
            "map": [
                {
                    "source": "/Users/sreeram-10645/.gradle/caches/transforms-2/files-2.1/e8c2e83920589a500fed0d2556b72027/appcompat-1.3.1/res/values-sq/values-sq.xml",
                    "from": {
                        "startLines": "2,3,4,5,6,7,8,9,10,11,12,13,14,15,16,17,18,19,20,21,22,23,24,25,26,27,28,29",
                        "startColumns": "4,4,4,4,4,4,4,4,4,4,4,4,4,4,4,4,4,4,4,4,4,4,4,4,4,4,4,4",
                        "startOffsets": "105,219,319,431,517,623,746,828,906,997,1090,1185,1279,1380,1473,1568,1665,1756,1849,1930,2036,2140,2238,2344,2448,2550,2704,2801",
                        "endColumns": "113,99,111,85,105,122,81,77,90,92,94,93,100,92,94,96,90,92,80,105,103,97,105,103,101,153,96,81",
                        "endOffsets": "214,314,426,512,618,741,823,901,992,1085,1180,1274,1375,1468,1563,1660,1751,1844,1925,2031,2135,2233,2339,2443,2545,2699,2796,2878"
                    },
                    "to": {
                        "startLines": "6,7,8,9,10,11,12,13,14,15,16,17,18,19,20,21,22,23,24,25,26,27,28,29,30,31,32,107",
                        "startColumns": "4,4,4,4,4,4,4,4,4,4,4,4,4,4,4,4,4,4,4,4,4,4,4,4,4,4,4,4",
                        "startOffsets": "272,386,486,598,684,790,913,995,1073,1164,1257,1352,1446,1547,1640,1735,1832,1923,2016,2097,2203,2307,2405,2511,2615,2717,2871,10435",
                        "endColumns": "113,99,111,85,105,122,81,77,90,92,94,93,100,92,94,96,90,92,80,105,103,97,105,103,101,153,96,81",
                        "endOffsets": "381,481,593,679,785,908,990,1068,1159,1252,1347,1441,1542,1635,1730,1827,1918,2011,2092,2198,2302,2400,2506,2610,2712,2866,2963,10512"
                    }
                },
                {
                    "source": "/Users/sreeram-10645/.gradle/caches/transforms-2/files-2.1/0fb1a06253dd1fd4daeeafdcd1f6a104/navigation-ui-2.3.4/res/values-sq/values-sq.xml",
                    "from": {
                        "startLines": "2,3",
                        "startColumns": "4,4",
                        "startOffsets": "55,161",
                        "endColumns": "105,118",
                        "endOffsets": "156,275"
                    },
                    "to": {
                        "startLines": "104,105",
                        "startColumns": "4,4",
                        "startOffsets": "10127,10233",
                        "endColumns": "105,118",
                        "endOffsets": "10228,10347"
                    }
                },
                {
                    "source": "/Users/sreeram-10645/.gradle/caches/transforms-2/files-2.1/b4f07f32e4554f54f8ae4a9ce2b5d984/jetified-play-services-base-17.1.0/res/values-sq/values.xml",
                    "from": {
                        "startLines": "4,5,6,7,8,9,10,11,12,13,14,15,16,17,18,19,20",
                        "startColumns": "0,0,0,0,0,0,0,0,0,0,0,0,0,0,0,0,0",
                        "startOffsets": "245,350,555,690,795,1015,1147,1299,1440,1669,1775,1981,2117,2345,2555,2646,2739",
                        "endColumns": "104,204,134,104,219,131,151,140,228,105,205,135,227,209,90,92,106",
                        "endOffsets": "349,554,689,794,1014,1146,1298,1439,1668,1774,1980,2116,2344,2554,2645,2738,2845"
                    },
                    "to": {
                        "startLines": "37,38,39,40,41,42,43,44,46,47,48,49,50,51,52,53,54",
                        "startColumns": "4,4,4,4,4,4,4,4,4,4,4,4,4,4,4,4,4",
                        "startOffsets": "3364,3473,3678,3817,3926,4146,4282,4438,4771,5000,5110,5316,5456,5684,5898,5993,6090",
                        "endColumns": "108,204,138,108,219,135,155,144,228,109,205,139,227,213,94,96,110",
                        "endOffsets": "3468,3673,3812,3921,4141,4277,4433,4578,4995,5105,5311,5451,5679,5893,5988,6085,6196"
                    }
                },
                {
                    "source": "/Users/sreeram-10645/.gradle/caches/transforms-2/files-2.1/3ec4a919a4a852817eb0bd6abe47cd00/core-1.5.0/res/values-sq/values-sq.xml",
                    "from": {
                        "startLines": "2",
                        "startColumns": "4",
                        "startOffsets": "55",
                        "endColumns": "100",
                        "endOffsets": "151"
                    },
                    "to": {
                        "startLines": "108",
                        "startColumns": "4",
                        "startOffsets": "10517",
                        "endColumns": "100",
                        "endOffsets": "10613"
                    }
                },
                {
                    "source": "/Users/sreeram-10645/.gradle/caches/transforms-2/files-2.1/18bb10d02c50c1d885e21793df22f358/material-1.4.0-alpha01/res/values-sq/values-sq.xml",
                    "from": {
                        "startLines": "2,6,7,8,9,10,11,12,13,14,15,16,17,18,19,20,21,22,23,24,25,26,27,28,29,30,31,32,33,34,35,36,37,38,39,40,41,42,43,44,45,46,47,48,49,50,51,52,53,54,55,56,57,58,59",
                        "startColumns": "4,4,4,4,4,4,4,4,4,4,4,4,4,4,4,4,4,4,4,4,4,4,4,4,4,4,4,4,4,4,4,4,4,4,4,4,4,4,4,4,4,4,4,4,4,4,4,4,4,4,4,4,4,4,4",
                        "startOffsets": "55,222,308,409,535,618,683,783,853,912,1010,1074,1133,1205,1268,1322,1439,1496,1558,1612,1684,1819,1902,1980,2091,2175,2257,2347,2414,2480,2551,2630,2718,2794,2872,2944,3017,3106,3178,3272,3371,3445,3517,3618,3668,3734,3824,3913,3975,4039,4102,4218,4326,4435,4544",
                        "endLines": "5,6,7,8,9,10,11,12,13,14,15,16,17,18,19,20,21,22,23,24,25,26,27,28,29,30,31,32,33,34,35,36,37,38,39,40,41,42,43,44,45,46,47,48,49,50,51,52,53,54,55,56,57,58,59",
                        "endColumns": "12,85,100,125,82,64,99,69,58,97,63,58,71,62,53,116,56,61,53,71,134,82,77,110,83,81,89,66,65,70,78,87,75,77,71,72,88,71,93,98,73,71,100,49,65,89,88,61,63,62,115,107,108,108,82",
                        "endOffsets": "217,303,404,530,613,678,778,848,907,1005,1069,1128,1200,1263,1317,1434,1491,1553,1607,1679,1814,1897,1975,2086,2170,2252,2342,2409,2475,2546,2625,2713,2789,2867,2939,3012,3101,3173,3267,3366,3440,3512,3613,3663,3729,3819,3908,3970,4034,4097,4213,4321,4430,4539,4622"
                    },
                    "to": {
                        "startLines": "2,33,34,35,36,55,56,57,58,59,60,61,62,63,64,65,66,67,68,69,70,71,72,73,74,75,76,77,78,79,80,81,82,83,84,85,86,87,88,89,90,91,92,93,94,95,96,97,98,99,100,101,102,103,106",
                        "startColumns": "4,4,4,4,4,4,4,4,4,4,4,4,4,4,4,4,4,4,4,4,4,4,4,4,4,4,4,4,4,4,4,4,4,4,4,4,4,4,4,4,4,4,4,4,4,4,4,4,4,4,4,4,4,4,4",
                        "startOffsets": "105,2968,3054,3155,3281,6201,6266,6366,6436,6495,6593,6657,6716,6788,6851,6905,7022,7079,7141,7195,7267,7402,7485,7563,7674,7758,7840,7930,7997,8063,8134,8213,8301,8377,8455,8527,8600,8689,8761,8855,8954,9028,9100,9201,9251,9317,9407,9496,9558,9622,9685,9801,9909,10018,10352",
                        "endLines": "5,33,34,35,36,55,56,57,58,59,60,61,62,63,64,65,66,67,68,69,70,71,72,73,74,75,76,77,78,79,80,81,82,83,84,85,86,87,88,89,90,91,92,93,94,95,96,97,98,99,100,101,102,103,106",
                        "endColumns": "12,85,100,125,82,64,99,69,58,97,63,58,71,62,53,116,56,61,53,71,134,82,77,110,83,81,89,66,65,70,78,87,75,77,71,72,88,71,93,98,73,71,100,49,65,89,88,61,63,62,115,107,108,108,82",
                        "endOffsets": "267,3049,3150,3276,3359,6261,6361,6431,6490,6588,6652,6711,6783,6846,6900,7017,7074,7136,7190,7262,7397,7480,7558,7669,7753,7835,7925,7992,8058,8129,8208,8296,8372,8450,8522,8595,8684,8756,8850,8949,9023,9095,9196,9246,9312,9402,9491,9553,9617,9680,9796,9904,10013,10122,10430"
                    }
                },
                {
                    "source": "/Users/sreeram-10645/.gradle/caches/transforms-2/files-2.1/80c0bace7931a1d0598ee7c9ea4f6198/jetified-play-services-basement-17.1.0/res/values-sq/values.xml",
                    "from": {
                        "startLines": "4",
                        "startColumns": "0",
                        "startOffsets": "247",
                        "endColumns": "187",
                        "endOffsets": "434"
                    },
                    "to": {
                        "startLines": "45",
                        "startColumns": "4",
                        "startOffsets": "4583",
                        "endColumns": "187",
                        "endOffsets": "4766"
                    }
                }
            ]
        }
    ]
}