{
    "logs": [
        {
            "outputFile": "/Users/sreeram-10645/Desktop/BookCave/app/build/intermediates/incremental/mergeDebugResources/merged.dir/values-ro/values-ro.xml",
            "map": [
                {
                    "source": "/Users/sreeram-10645/.gradle/caches/transforms-2/files-2.1/80c0bace7931a1d0598ee7c9ea4f6198/jetified-play-services-basement-17.1.0/res/values-ro/values.xml",
                    "from": {
                        "startLines": "4",
                        "startColumns": "0",
                        "startOffsets": "247",
                        "endColumns": "203",
                        "endOffsets": "450"
                    },
                    "to": {
                        "startLines": "46",
                        "startColumns": "4",
                        "startOffsets": "4643",
                        "endColumns": "203",
                        "endOffsets": "4842"
                    }
                },
                {
                    "source": "/Users/sreeram-10645/.gradle/caches/transforms-2/files-2.1/0fb1a06253dd1fd4daeeafdcd1f6a104/navigation-ui-2.3.4/res/values-ro/values-ro.xml",
                    "from": {
                        "startLines": "2,3",
                        "startColumns": "4,4",
                        "startOffsets": "55,165",
                        "endColumns": "109,123",
                        "endOffsets": "160,284"
                    },
                    "to": {
                        "startLines": "105,106",
                        "startColumns": "4,4",
                        "startOffsets": "10162,10272",
                        "endColumns": "109,123",
                        "endOffsets": "10267,10391"
                    }
                },
                {
                    "source": "/Users/sreeram-10645/.gradle/caches/transforms-2/files-2.1/b4f07f32e4554f54f8ae4a9ce2b5d984/jetified-play-services-base-17.1.0/res/values-ro/values.xml",
                    "from": {
                        "startLines": "4,5,6,7,8,9,10,11,12,13,14,15,16,17,18,19,20",
                        "startColumns": "0,0,0,0,0,0,0,0,0,0,0,0,0,0,0,0,0",
                        "startOffsets": "245,350,542,669,776,986,1116,1265,1399,1620,1728,1918,2048,2253,2445,2542,2635",
                        "endColumns": "104,191,126,106,209,129,148,133,220,107,189,129,204,191,96,92,106",
                        "endOffsets": "349,541,668,775,985,1115,1264,1398,1619,1727,1917,2047,2252,2444,2541,2634,2741"
                    },
                    "to": {
                        "startLines": "38,39,40,41,42,43,44,45,47,48,49,50,51,52,53,54,55",
                        "startColumns": "4,4,4,4,4,4,4,4,4,4,4,4,4,4,4,4,4",
                        "startOffsets": "3465,3574,3766,3897,4008,4218,4352,4505,4847,5068,5180,5370,5504,5709,5905,6006,6103",
                        "endColumns": "108,191,130,110,209,133,152,137,220,111,189,133,204,195,100,96,110",
                        "endOffsets": "3569,3761,3892,4003,4213,4347,4500,4638,5063,5175,5365,5499,5704,5900,6001,6098,6209"
                    }
                },
                {
                    "source": "/Users/sreeram-10645/.gradle/caches/transforms-2/files-2.1/3ec4a919a4a852817eb0bd6abe47cd00/core-1.5.0/res/values-ro/values-ro.xml",
                    "from": {
                        "startLines": "2",
                        "startColumns": "4",
                        "startOffsets": "55",
                        "endColumns": "100",
                        "endOffsets": "151"
                    },
                    "to": {
                        "startLines": "109",
                        "startColumns": "4",
                        "startOffsets": "10559",
                        "endColumns": "100",
                        "endOffsets": "10655"
                    }
                },
                {
                    "source": "/Users/sreeram-10645/.gradle/caches/transforms-2/files-2.1/18bb10d02c50c1d885e21793df22f358/material-1.4.0-alpha01/res/values-ro/values-ro.xml",
                    "from": {
                        "startLines": "2,7,8,9,10,11,12,13,14,15,16,17,18,19,20,21,22,23,24,25,26,27,28,29,30,31,32,33,34,35,36,37,38,39,40,41,42,43,44,45,46,47,48,49,50,51,52,53,54,55,56,57,58,59,60",
                        "startColumns": "4,4,4,4,4,4,4,4,4,4,4,4,4,4,4,4,4,4,4,4,4,4,4,4,4,4,4,4,4,4,4,4,4,4,4,4,4,4,4,4,4,4,4,4,4,4,4,4,4,4,4,4,4,4,4",
                        "startOffsets": "55,276,363,464,585,669,735,830,904,964,1048,1114,1172,1245,1308,1364,1483,1540,1601,1657,1731,1876,1962,2046,2149,2231,2314,2404,2471,2537,2610,2688,2776,2847,2924,2998,3070,3161,3235,3330,3428,3502,3582,3683,3736,3802,3891,3981,4043,4107,4170,4282,4395,4505,4617",
                        "endLines": "6,7,8,9,10,11,12,13,14,15,16,17,18,19,20,21,22,23,24,25,26,27,28,29,30,31,32,33,34,35,36,37,38,39,40,41,42,43,44,45,46,47,48,49,50,51,52,53,54,55,56,57,58,59,60",
                        "endColumns": "12,86,100,120,83,65,94,73,59,83,65,57,72,62,55,118,56,60,55,73,144,85,83,102,81,82,89,66,65,72,77,87,70,76,73,71,90,73,94,97,73,79,100,52,65,88,89,61,63,62,111,112,109,111,78",
                        "endOffsets": "271,358,459,580,664,730,825,899,959,1043,1109,1167,1240,1303,1359,1478,1535,1596,1652,1726,1871,1957,2041,2144,2226,2309,2399,2466,2532,2605,2683,2771,2842,2919,2993,3065,3156,3230,3325,3423,3497,3577,3678,3731,3797,3886,3976,4038,4102,4165,4277,4390,4500,4612,4691"
                    },
                    "to": {
                        "startLines": "2,34,35,36,37,56,57,58,59,60,61,62,63,64,65,66,67,68,69,70,71,72,73,74,75,76,77,78,79,80,81,82,83,84,85,86,87,88,89,90,91,92,93,94,95,96,97,98,99,100,101,102,103,104,107",
                        "startColumns": "4,4,4,4,4,4,4,4,4,4,4,4,4,4,4,4,4,4,4,4,4,4,4,4,4,4,4,4,4,4,4,4,4,4,4,4,4,4,4,4,4,4,4,4,4,4,4,4,4,4,4,4,4,4,4",
                        "startOffsets": "105,3072,3159,3260,3381,6214,6280,6375,6449,6509,6593,6659,6717,6790,6853,6909,7028,7085,7146,7202,7276,7421,7507,7591,7694,7776,7859,7949,8016,8082,8155,8233,8321,8392,8469,8543,8615,8706,8780,8875,8973,9047,9127,9228,9281,9347,9436,9526,9588,9652,9715,9827,9940,10050,10396",
                        "endLines": "6,34,35,36,37,56,57,58,59,60,61,62,63,64,65,66,67,68,69,70,71,72,73,74,75,76,77,78,79,80,81,82,83,84,85,86,87,88,89,90,91,92,93,94,95,96,97,98,99,100,101,102,103,104,107",
                        "endColumns": "12,86,100,120,83,65,94,73,59,83,65,57,72,62,55,118,56,60,55,73,144,85,83,102,81,82,89,66,65,72,77,87,70,76,73,71,90,73,94,97,73,79,100,52,65,88,89,61,63,62,111,112,109,111,78",
                        "endOffsets": "321,3154,3255,3376,3460,6275,6370,6444,6504,6588,6654,6712,6785,6848,6904,7023,7080,7141,7197,7271,7416,7502,7586,7689,7771,7854,7944,8011,8077,8150,8228,8316,8387,8464,8538,8610,8701,8775,8870,8968,9042,9122,9223,9276,9342,9431,9521,9583,9647,9710,9822,9935,10045,10157,10470"
                    }
                },
                {
                    "source": "/Users/sreeram-10645/.gradle/caches/transforms-2/files-2.1/e8c2e83920589a500fed0d2556b72027/appcompat-1.3.1/res/values-ro/values-ro.xml",
                    "from": {
                        "startLines": "2,3,4,5,6,7,8,9,10,11,12,13,14,15,16,17,18,19,20,21,22,23,24,25,26,27,28,29",
                        "startColumns": "4,4,4,4,4,4,4,4,4,4,4,4,4,4,4,4,4,4,4,4,4,4,4,4,4,4,4,4",
                        "startOffsets": "105,226,330,443,527,631,752,837,917,1008,1101,1196,1290,1390,1483,1578,1672,1763,1855,1938,2050,2158,2258,2372,2478,2584,2748,2851",
                        "endColumns": "120,103,112,83,103,120,84,79,90,92,94,93,99,92,94,93,90,91,82,111,107,99,113,105,105,163,102,83",
                        "endOffsets": "221,325,438,522,626,747,832,912,1003,1096,1191,1285,1385,1478,1573,1667,1758,1850,1933,2045,2153,2253,2367,2473,2579,2743,2846,2930"
                    },
                    "to": {
                        "startLines": "7,8,9,10,11,12,13,14,15,16,17,18,19,20,21,22,23,24,25,26,27,28,29,30,31,32,33,108",
                        "startColumns": "4,4,4,4,4,4,4,4,4,4,4,4,4,4,4,4,4,4,4,4,4,4,4,4,4,4,4,4",
                        "startOffsets": "326,447,551,664,748,852,973,1058,1138,1229,1322,1417,1511,1611,1704,1799,1893,1984,2076,2159,2271,2379,2479,2593,2699,2805,2969,10475",
                        "endColumns": "120,103,112,83,103,120,84,79,90,92,94,93,99,92,94,93,90,91,82,111,107,99,113,105,105,163,102,83",
                        "endOffsets": "442,546,659,743,847,968,1053,1133,1224,1317,1412,1506,1606,1699,1794,1888,1979,2071,2154,2266,2374,2474,2588,2694,2800,2964,3067,10554"
                    }
                }
            ]
        }
    ]
}