{
    "logs": [
        {
            "outputFile": "/Users/sreeram-10645/Desktop/BookCave/app/build/intermediates/incremental/mergeDebugResources/merged.dir/values-tr/values-tr.xml",
            "map": [
                {
                    "source": "/Users/sreeram-10645/.gradle/caches/transforms-2/files-2.1/0fb1a06253dd1fd4daeeafdcd1f6a104/navigation-ui-2.3.4/res/values-tr/values-tr.xml",
                    "from": {
                        "startLines": "2,3",
                        "startColumns": "4,4",
                        "startOffsets": "55,160",
                        "endColumns": "104,116",
                        "endOffsets": "155,272"
                    },
                    "to": {
                        "startLines": "104,105",
                        "startColumns": "4,4",
                        "startOffsets": "9880,9985",
                        "endColumns": "104,116",
                        "endOffsets": "9980,10097"
                    }
                },
                {
                    "source": "/Users/sreeram-10645/.gradle/caches/transforms-2/files-2.1/3ec4a919a4a852817eb0bd6abe47cd00/core-1.5.0/res/values-tr/values-tr.xml",
                    "from": {
                        "startLines": "2",
                        "startColumns": "4",
                        "startOffsets": "55",
                        "endColumns": "100",
                        "endOffsets": "151"
                    },
                    "to": {
                        "startLines": "108",
                        "startColumns": "4",
                        "startOffsets": "10261",
                        "endColumns": "100",
                        "endOffsets": "10357"
                    }
                },
                {
                    "source": "/Users/sreeram-10645/.gradle/caches/transforms-2/files-2.1/e8c2e83920589a500fed0d2556b72027/appcompat-1.3.1/res/values-tr/values-tr.xml",
                    "from": {
                        "startLines": "2,3,4,5,6,7,8,9,10,11,12,13,14,15,16,17,18,19,20,21,22,23,24,25,26,27,28,29",
                        "startColumns": "4,4,4,4,4,4,4,4,4,4,4,4,4,4,4,4,4,4,4,4,4,4,4,4,4,4,4,4",
                        "startOffsets": "105,219,318,430,515,621,741,821,896,987,1080,1172,1266,1366,1459,1561,1656,1747,1838,1917,2024,2128,2224,2331,2434,2543,2699,2797",
                        "endColumns": "113,98,111,84,105,119,79,74,90,92,91,93,99,92,101,94,90,90,78,106,103,95,106,102,108,155,97,79",
                        "endOffsets": "214,313,425,510,616,736,816,891,982,1075,1167,1261,1361,1454,1556,1651,1742,1833,1912,2019,2123,2219,2326,2429,2538,2694,2792,2872"
                    },
                    "to": {
                        "startLines": "6,7,8,9,10,11,12,13,14,15,16,17,18,19,20,21,22,23,24,25,26,27,28,29,30,31,32,107",
                        "startColumns": "4,4,4,4,4,4,4,4,4,4,4,4,4,4,4,4,4,4,4,4,4,4,4,4,4,4,4,4",
                        "startOffsets": "270,384,483,595,680,786,906,986,1061,1152,1245,1337,1431,1531,1624,1726,1821,1912,2003,2082,2189,2293,2389,2496,2599,2708,2864,10181",
                        "endColumns": "113,98,111,84,105,119,79,74,90,92,91,93,99,92,101,94,90,90,78,106,103,95,106,102,108,155,97,79",
                        "endOffsets": "379,478,590,675,781,901,981,1056,1147,1240,1332,1426,1526,1619,1721,1816,1907,1998,2077,2184,2288,2384,2491,2594,2703,2859,2957,10256"
                    }
                },
                {
                    "source": "/Users/sreeram-10645/.gradle/caches/transforms-2/files-2.1/b4f07f32e4554f54f8ae4a9ce2b5d984/jetified-play-services-base-17.1.0/res/values-tr/values.xml",
                    "from": {
                        "startLines": "4,5,6,7,8,9,10,11,12,13,14,15,16,17,18,19,20",
                        "startColumns": "0,0,0,0,0,0,0,0,0,0,0,0,0,0,0,0,0",
                        "startOffsets": "245,353,540,674,777,983,1111,1264,1395,1626,1731,1919,2051,2255,2448,2536,2626",
                        "endColumns": "107,186,133,102,205,127,152,130,230,104,187,131,203,192,87,89,104",
                        "endOffsets": "352,539,673,776,982,1110,1263,1394,1625,1730,1918,2050,2254,2447,2535,2625,2730"
                    },
                    "to": {
                        "startLines": "37,38,39,40,41,42,43,44,46,47,48,49,50,51,52,53,54",
                        "startColumns": "4,4,4,4,4,4,4,4,4,4,4,4,4,4,4,4,4",
                        "startOffsets": "3329,3441,3628,3766,3873,4079,4211,4368,4709,4940,5049,5237,5373,5577,5774,5866,5960",
                        "endColumns": "111,186,137,106,205,131,156,134,230,108,187,135,203,196,91,93,108",
                        "endOffsets": "3436,3623,3761,3868,4074,4206,4363,4498,4935,5044,5232,5368,5572,5769,5861,5955,6064"
                    }
                },
                {
                    "source": "/Users/sreeram-10645/.gradle/caches/transforms-2/files-2.1/18bb10d02c50c1d885e21793df22f358/material-1.4.0-alpha01/res/values-tr/values-tr.xml",
                    "from": {
                        "startLines": "2,6,7,8,9,10,11,12,13,14,15,16,17,18,19,20,21,22,23,24,25,26,27,28,29,30,31,32,33,34,35,36,37,38,39,40,41,42,43,44,45,46,47,48,49,50,51,52,53,54,55,56,57,58,59",
                        "startColumns": "4,4,4,4,4,4,4,4,4,4,4,4,4,4,4,4,4,4,4,4,4,4,4,4,4,4,4,4,4,4,4,4,4,4,4,4,4,4,4,4,4,4,4,4,4,4,4,4,4,4,4,4,4,4,4",
                        "startOffsets": "55,220,297,393,505,587,651,742,819,880,971,1034,1093,1162,1225,1279,1387,1445,1507,1561,1634,1755,1839,1930,2040,2117,2193,2280,2347,2413,2483,2560,2643,2714,2789,2867,2938,3023,3112,3207,3300,3372,3444,3540,3592,3659,3743,3833,3895,3959,4022,4116,4212,4301,4398",
                        "endLines": "5,6,7,8,9,10,11,12,13,14,15,16,17,18,19,20,21,22,23,24,25,26,27,28,29,30,31,32,33,34,35,36,37,38,39,40,41,42,43,44,45,46,47,48,49,50,51,52,53,54,55,56,57,58,59",
                        "endColumns": "12,76,95,111,81,63,90,76,60,90,62,58,68,62,53,107,57,61,53,72,120,83,90,109,76,75,86,66,65,69,76,82,70,74,77,70,84,88,94,92,71,71,95,51,66,83,89,61,63,62,93,95,88,96,78",
                        "endOffsets": "215,292,388,500,582,646,737,814,875,966,1029,1088,1157,1220,1274,1382,1440,1502,1556,1629,1750,1834,1925,2035,2112,2188,2275,2342,2408,2478,2555,2638,2709,2784,2862,2933,3018,3107,3202,3295,3367,3439,3535,3587,3654,3738,3828,3890,3954,4017,4111,4207,4296,4393,4472"
                    },
                    "to": {
                        "startLines": "2,33,34,35,36,55,56,57,58,59,60,61,62,63,64,65,66,67,68,69,70,71,72,73,74,75,76,77,78,79,80,81,82,83,84,85,86,87,88,89,90,91,92,93,94,95,96,97,98,99,100,101,102,103,106",
                        "startColumns": "4,4,4,4,4,4,4,4,4,4,4,4,4,4,4,4,4,4,4,4,4,4,4,4,4,4,4,4,4,4,4,4,4,4,4,4,4,4,4,4,4,4,4,4,4,4,4,4,4,4,4,4,4,4,4",
                        "startOffsets": "105,2962,3039,3135,3247,6069,6133,6224,6301,6362,6453,6516,6575,6644,6707,6761,6869,6927,6989,7043,7116,7237,7321,7412,7522,7599,7675,7762,7829,7895,7965,8042,8125,8196,8271,8349,8420,8505,8594,8689,8782,8854,8926,9022,9074,9141,9225,9315,9377,9441,9504,9598,9694,9783,10102",
                        "endLines": "5,33,34,35,36,55,56,57,58,59,60,61,62,63,64,65,66,67,68,69,70,71,72,73,74,75,76,77,78,79,80,81,82,83,84,85,86,87,88,89,90,91,92,93,94,95,96,97,98,99,100,101,102,103,106",
                        "endColumns": "12,76,95,111,81,63,90,76,60,90,62,58,68,62,53,107,57,61,53,72,120,83,90,109,76,75,86,66,65,69,76,82,70,74,77,70,84,88,94,92,71,71,95,51,66,83,89,61,63,62,93,95,88,96,78",
                        "endOffsets": "265,3034,3130,3242,3324,6128,6219,6296,6357,6448,6511,6570,6639,6702,6756,6864,6922,6984,7038,7111,7232,7316,7407,7517,7594,7670,7757,7824,7890,7960,8037,8120,8191,8266,8344,8415,8500,8589,8684,8777,8849,8921,9017,9069,9136,9220,9310,9372,9436,9499,9593,9689,9778,9875,10176"
                    }
                },
                {
                    "source": "/Users/sreeram-10645/.gradle/caches/transforms-2/files-2.1/80c0bace7931a1d0598ee7c9ea4f6198/jetified-play-services-basement-17.1.0/res/values-tr/values.xml",
                    "from": {
                        "startLines": "4",
                        "startColumns": "0",
                        "startOffsets": "247",
                        "endColumns": "205",
                        "endOffsets": "452"
                    },
                    "to": {
                        "startLines": "45",
                        "startColumns": "4",
                        "startOffsets": "4503",
                        "endColumns": "205",
                        "endOffsets": "4704"
                    }
                }
            ]
        }
    ]
}