{
    "logs": [
        {
            "outputFile": "/Users/sreeram-10645/Desktop/BookCave/app/build/intermediates/incremental/mergeDebugResources/merged.dir/values-iw/values-iw.xml",
            "map": [
                {
                    "source": "/Users/sreeram-10645/.gradle/caches/transforms-2/files-2.1/b4f07f32e4554f54f8ae4a9ce2b5d984/jetified-play-services-base-17.1.0/res/values-iw/values.xml",
                    "from": {
                        "startLines": "4,5,6,7,8,9,10,11,12,13,14,15,16,17,18,19,20",
                        "startColumns": "0,0,0,0,0,0,0,0,0,0,0,0,0,0,0,0,0",
                        "startOffsets": "245,346,532,655,757,955,1078,1216,1344,1539,1640,1816,1937,2130,2301,2387,2473",
                        "endColumns": "100,185,122,101,197,122,137,127,194,100,175,120,192,170,85,85,105",
                        "endOffsets": "345,531,654,756,954,1077,1215,1343,1538,1639,1815,1936,2129,2300,2386,2472,2578"
                    },
                    "to": {
                        "startLines": "39,40,41,42,43,44,45,46,48,49,50,51,52,53,54,55,56",
                        "startColumns": "4,4,4,4,4,4,4,4,4,4,4,4,4,4,4,4,4",
                        "startOffsets": "3388,3493,3679,3806,3912,4110,4237,4379,4688,4883,4988,5164,5289,5482,5657,5747,5837",
                        "endColumns": "104,185,126,105,197,126,141,131,194,104,175,124,192,174,89,89,109",
                        "endOffsets": "3488,3674,3801,3907,4105,4232,4374,4506,4878,4983,5159,5284,5477,5652,5742,5832,5942"
                    }
                },
                {
                    "source": "/Users/sreeram-10645/.gradle/caches/transforms-2/files-2.1/0fb1a06253dd1fd4daeeafdcd1f6a104/navigation-ui-2.3.4/res/values-iw/values-iw.xml",
                    "from": {
                        "startLines": "2,3",
                        "startColumns": "4,4",
                        "startOffsets": "55,161",
                        "endColumns": "105,119",
                        "endOffsets": "156,276"
                    },
                    "to": {
                        "startLines": "106,107",
                        "startColumns": "4,4",
                        "startOffsets": "9663,9769",
                        "endColumns": "105,119",
                        "endOffsets": "9764,9884"
                    }
                },
                {
                    "source": "/Users/sreeram-10645/.gradle/caches/transforms-2/files-2.1/3ec4a919a4a852817eb0bd6abe47cd00/core-1.5.0/res/values-iw/values-iw.xml",
                    "from": {
                        "startLines": "2",
                        "startColumns": "4",
                        "startOffsets": "55",
                        "endColumns": "100",
                        "endOffsets": "151"
                    },
                    "to": {
                        "startLines": "110",
                        "startColumns": "4",
                        "startOffsets": "10046",
                        "endColumns": "100",
                        "endOffsets": "10142"
                    }
                },
                {
                    "source": "/Users/sreeram-10645/.gradle/caches/transforms-2/files-2.1/80c0bace7931a1d0598ee7c9ea4f6198/jetified-play-services-basement-17.1.0/res/values-iw/values.xml",
                    "from": {
                        "startLines": "4",
                        "startColumns": "0",
                        "startOffsets": "247",
                        "endColumns": "176",
                        "endOffsets": "423"
                    },
                    "to": {
                        "startLines": "47",
                        "startColumns": "4",
                        "startOffsets": "4511",
                        "endColumns": "176",
                        "endOffsets": "4683"
                    }
                },
                {
                    "source": "/Users/sreeram-10645/.gradle/caches/transforms-2/files-2.1/18bb10d02c50c1d885e21793df22f358/material-1.4.0-alpha01/res/values-iw/values-iw.xml",
                    "from": {
                        "startLines": "2,8,9,10,11,12,13,14,15,16,17,18,19,20,21,22,23,24,25,26,27,28,29,30,31,32,33,34,35,36,37,38,39,40,41,42,43,44,45,46,47,48,49,50,51,52,53,54,55,56,57,58,59,60,61",
                        "startColumns": "4,4,4,4,4,4,4,4,4,4,4,4,4,4,4,4,4,4,4,4,4,4,4,4,4,4,4,4,4,4,4,4,4,4,4,4,4,4,4,4,4,4,4,4,4,4,4,4,4,4,4,4,4,4,4",
                        "startOffsets": "55,319,396,489,602,682,747,835,905,968,1060,1120,1179,1242,1303,1362,1464,1521,1580,1638,1706,1817,1898,1980,2082,2153,2226,2314,2381,2447,2520,2596,2682,2752,2827,2909,2977,3062,3132,3222,3313,3387,3460,3549,3600,3667,3749,3834,3896,3960,4023,4117,4212,4302,4398",
                        "endLines": "7,8,9,10,11,12,13,14,15,16,17,18,19,20,21,22,23,24,25,26,27,28,29,30,31,32,33,34,35,36,37,38,39,40,41,42,43,44,45,46,47,48,49,50,51,52,53,54,55,56,57,58,59,60,61",
                        "endColumns": "12,76,92,112,79,64,87,69,62,91,59,58,62,60,58,101,56,58,57,67,110,80,81,101,70,72,87,66,65,72,75,85,69,74,81,67,84,69,89,90,73,72,88,50,66,81,84,61,63,62,93,94,89,95,74",
                        "endOffsets": "314,391,484,597,677,742,830,900,963,1055,1115,1174,1237,1298,1357,1459,1516,1575,1633,1701,1812,1893,1975,2077,2148,2221,2309,2376,2442,2515,2591,2677,2747,2822,2904,2972,3057,3127,3217,3308,3382,3455,3544,3595,3662,3744,3829,3891,3955,4018,4112,4207,4297,4393,4468"
                    },
                    "to": {
                        "startLines": "2,35,36,37,38,57,58,59,60,61,62,63,64,65,66,67,68,69,70,71,72,73,74,75,76,77,78,79,80,81,82,83,84,85,86,87,88,89,90,91,92,93,94,95,96,97,98,99,100,101,102,103,104,105,108",
                        "startColumns": "4,4,4,4,4,4,4,4,4,4,4,4,4,4,4,4,4,4,4,4,4,4,4,4,4,4,4,4,4,4,4,4,4,4,4,4,4,4,4,4,4,4,4,4,4,4,4,4,4,4,4,4,4,4,4",
                        "startOffsets": "105,3025,3102,3195,3308,5947,6012,6100,6170,6233,6325,6385,6444,6507,6568,6627,6729,6786,6845,6903,6971,7082,7163,7245,7347,7418,7491,7579,7646,7712,7785,7861,7947,8017,8092,8174,8242,8327,8397,8487,8578,8652,8725,8814,8865,8932,9014,9099,9161,9225,9288,9382,9477,9567,9889",
                        "endLines": "7,35,36,37,38,57,58,59,60,61,62,63,64,65,66,67,68,69,70,71,72,73,74,75,76,77,78,79,80,81,82,83,84,85,86,87,88,89,90,91,92,93,94,95,96,97,98,99,100,101,102,103,104,105,108",
                        "endColumns": "12,76,92,112,79,64,87,69,62,91,59,58,62,60,58,101,56,58,57,67,110,80,81,101,70,72,87,66,65,72,75,85,69,74,81,67,84,69,89,90,73,72,88,50,66,81,84,61,63,62,93,94,89,95,74",
                        "endOffsets": "364,3097,3190,3303,3383,6007,6095,6165,6228,6320,6380,6439,6502,6563,6622,6724,6781,6840,6898,6966,7077,7158,7240,7342,7413,7486,7574,7641,7707,7780,7856,7942,8012,8087,8169,8237,8322,8392,8482,8573,8647,8720,8809,8860,8927,9009,9094,9156,9220,9283,9377,9472,9562,9658,9959"
                    }
                },
                {
                    "source": "/Users/sreeram-10645/.gradle/caches/transforms-2/files-2.1/e8c2e83920589a500fed0d2556b72027/appcompat-1.3.1/res/values-iw/values-iw.xml",
                    "from": {
                        "startLines": "2,3,4,5,6,7,8,9,10,11,12,13,14,15,16,17,18,19,20,21,22,23,24,25,26,27,28,29",
                        "startColumns": "4,4,4,4,4,4,4,4,4,4,4,4,4,4,4,4,4,4,4,4,4,4,4,4,4,4,4,4",
                        "startOffsets": "105,210,310,418,502,604,720,799,877,968,1062,1156,1250,1350,1443,1538,1631,1722,1814,1895,2000,2103,2201,2306,2408,2510,2664,2761",
                        "endColumns": "104,99,107,83,101,115,78,77,90,93,93,93,99,92,94,92,90,91,80,104,102,97,104,101,101,153,96,81",
                        "endOffsets": "205,305,413,497,599,715,794,872,963,1057,1151,1245,1345,1438,1533,1626,1717,1809,1890,1995,2098,2196,2301,2403,2505,2659,2756,2838"
                    },
                    "to": {
                        "startLines": "8,9,10,11,12,13,14,15,16,17,18,19,20,21,22,23,24,25,26,27,28,29,30,31,32,33,34,109",
                        "startColumns": "4,4,4,4,4,4,4,4,4,4,4,4,4,4,4,4,4,4,4,4,4,4,4,4,4,4,4,4",
                        "startOffsets": "369,474,574,682,766,868,984,1063,1141,1232,1326,1420,1514,1614,1707,1802,1895,1986,2078,2159,2264,2367,2465,2570,2672,2774,2928,9964",
                        "endColumns": "104,99,107,83,101,115,78,77,90,93,93,93,99,92,94,92,90,91,80,104,102,97,104,101,101,153,96,81",
                        "endOffsets": "469,569,677,761,863,979,1058,1136,1227,1321,1415,1509,1609,1702,1797,1890,1981,2073,2154,2259,2362,2460,2565,2667,2769,2923,3020,10041"
                    }
                }
            ]
        }
    ]
}