{
    "logs": [
        {
            "outputFile": "/Users/sreeram-10645/Desktop/BookCave/app/build/intermediates/incremental/mergeDebugResources/merged.dir/values-pt-rPT/values-pt-rPT.xml",
            "map": [
                {
                    "source": "/Users/sreeram-10645/.gradle/caches/transforms-2/files-2.1/b4f07f32e4554f54f8ae4a9ce2b5d984/jetified-play-services-base-17.1.0/res/values-pt-rPT/values.xml",
                    "from": {
                        "startLines": "4,5,6,7,8,9,10,11,12,13,14,15,16,17,18,19,20",
                        "startColumns": "0,0,0,0,0,0,0,0,0,0,0,0,0,0,0,0,0",
                        "startOffsets": "249,352,547,673,779,1006,1132,1280,1414,1661,1767,1968,2097,2315,2519,2613,2708",
                        "endColumns": "102,194,125,105,226,125,147,133,246,105,200,128,217,203,93,94,111",
                        "endOffsets": "351,546,672,778,1005,1131,1279,1413,1660,1766,1967,2096,2314,2518,2612,2707,2819"
                    },
                    "to": {
                        "startLines": "37,38,39,40,41,42,43,44,46,47,48,49,50,51,52,53,54",
                        "startColumns": "4,4,4,4,4,4,4,4,4,4,4,4,4,4,4,4,4",
                        "startOffsets": "3395,3502,3697,3827,3937,4164,4294,4446,4788,5035,5145,5346,5479,5697,5905,6003,6102",
                        "endColumns": "106,194,129,109,226,129,151,137,246,109,200,132,217,207,97,98,115",
                        "endOffsets": "3497,3692,3822,3932,4159,4289,4441,4579,5030,5140,5341,5474,5692,5900,5998,6097,6213"
                    }
                },
                {
                    "source": "/Users/sreeram-10645/.gradle/caches/transforms-2/files-2.1/3ec4a919a4a852817eb0bd6abe47cd00/core-1.5.0/res/values-pt-rPT/values-pt-rPT.xml",
                    "from": {
                        "startLines": "2",
                        "startColumns": "4",
                        "startOffsets": "55",
                        "endColumns": "100",
                        "endOffsets": "151"
                    },
                    "to": {
                        "startLines": "108",
                        "startColumns": "4",
                        "startOffsets": "10583",
                        "endColumns": "100",
                        "endOffsets": "10679"
                    }
                },
                {
                    "source": "/Users/sreeram-10645/.gradle/caches/transforms-2/files-2.1/e8c2e83920589a500fed0d2556b72027/appcompat-1.3.1/res/values-pt-rPT/values-pt-rPT.xml",
                    "from": {
                        "startLines": "2,3,4,5,6,7,8,9,10,11,12,13,14,15,16,17,18,19,20,21,22,23,24,25,26,27,28,29",
                        "startColumns": "4,4,4,4,4,4,4,4,4,4,4,4,4,4,4,4,4,4,4,4,4,4,4,4,4,4,4,4",
                        "startOffsets": "105,213,319,426,515,616,734,819,899,991,1085,1182,1276,1375,1469,1565,1660,1752,1844,1929,2036,2147,2249,2357,2465,2572,2737,2836",
                        "endColumns": "107,105,106,88,100,117,84,79,91,93,96,93,98,93,95,94,91,91,84,106,110,101,107,107,106,164,98,85",
                        "endOffsets": "208,314,421,510,611,729,814,894,986,1080,1177,1271,1370,1464,1560,1655,1747,1839,1924,2031,2142,2244,2352,2460,2567,2732,2831,2917"
                    },
                    "to": {
                        "startLines": "6,7,8,9,10,11,12,13,14,15,16,17,18,19,20,21,22,23,24,25,26,27,28,29,30,31,32,107",
                        "startColumns": "4,4,4,4,4,4,4,4,4,4,4,4,4,4,4,4,4,4,4,4,4,4,4,4,4,4,4,4",
                        "startOffsets": "278,386,492,599,688,789,907,992,1072,1164,1258,1355,1449,1548,1642,1738,1833,1925,2017,2102,2209,2320,2422,2530,2638,2745,2910,10497",
                        "endColumns": "107,105,106,88,100,117,84,79,91,93,96,93,98,93,95,94,91,91,84,106,110,101,107,107,106,164,98,85",
                        "endOffsets": "381,487,594,683,784,902,987,1067,1159,1253,1350,1444,1543,1637,1733,1828,1920,2012,2097,2204,2315,2417,2525,2633,2740,2905,3004,10578"
                    }
                },
                {
                    "source": "/Users/sreeram-10645/.gradle/caches/transforms-2/files-2.1/0fb1a06253dd1fd4daeeafdcd1f6a104/navigation-ui-2.3.4/res/values-pt-rPT/values-pt-rPT.xml",
                    "from": {
                        "startLines": "2,3",
                        "startColumns": "4,4",
                        "startOffsets": "55,167",
                        "endColumns": "111,119",
                        "endOffsets": "162,282"
                    },
                    "to": {
                        "startLines": "104,105",
                        "startColumns": "4,4",
                        "startOffsets": "10179,10291",
                        "endColumns": "111,119",
                        "endOffsets": "10286,10406"
                    }
                },
                {
                    "source": "/Users/sreeram-10645/.gradle/caches/transforms-2/files-2.1/80c0bace7931a1d0598ee7c9ea4f6198/jetified-play-services-basement-17.1.0/res/values-pt-rPT/values.xml",
                    "from": {
                        "startLines": "4",
                        "startColumns": "0",
                        "startOffsets": "251",
                        "endColumns": "203",
                        "endOffsets": "454"
                    },
                    "to": {
                        "startLines": "45",
                        "startColumns": "4",
                        "startOffsets": "4584",
                        "endColumns": "203",
                        "endOffsets": "4783"
                    }
                },
                {
                    "source": "/Users/sreeram-10645/.gradle/caches/transforms-2/files-2.1/18bb10d02c50c1d885e21793df22f358/material-1.4.0-alpha01/res/values-pt-rPT/values-pt-rPT.xml",
                    "from": {
                        "startLines": "2,6,7,8,9,10,11,12,13,14,15,16,17,18,19,20,21,22,23,24,25,26,27,28,29,30,31,32,33,34,35,36,37,38,39,40,41,42,43,44,45,46,47,48,49,50,51,52,53,54,55,56,57,58,59",
                        "startColumns": "4,4,4,4,4,4,4,4,4,4,4,4,4,4,4,4,4,4,4,4,4,4,4,4,4,4,4,4,4,4,4,4,4,4,4,4,4,4,4,4,4,4,4,4,4,4,4,4,4,4,4,4,4,4,4",
                        "startOffsets": "55,228,310,413,533,614,678,770,849,914,1004,1072,1134,1207,1271,1325,1451,1509,1571,1625,1701,1844,1931,2013,2122,2204,2286,2373,2440,2506,2581,2661,2748,2821,2898,2971,3045,3138,3215,3308,3406,3480,3561,3660,3713,3779,3868,3956,4018,4082,4145,4261,4364,4471,4575",
                        "endLines": "5,6,7,8,9,10,11,12,13,14,15,16,17,18,19,20,21,22,23,24,25,26,27,28,29,30,31,32,33,34,35,36,37,38,39,40,41,42,43,44,45,46,47,48,49,50,51,52,53,54,55,56,57,58,59",
                        "endColumns": "12,81,102,119,80,63,91,78,64,89,67,61,72,63,53,125,57,61,53,75,142,86,81,108,81,81,86,66,65,74,79,86,72,76,72,73,92,76,92,97,73,80,98,52,65,88,87,61,63,62,115,102,106,103,85",
                        "endOffsets": "223,305,408,528,609,673,765,844,909,999,1067,1129,1202,1266,1320,1446,1504,1566,1620,1696,1839,1926,2008,2117,2199,2281,2368,2435,2501,2576,2656,2743,2816,2893,2966,3040,3133,3210,3303,3401,3475,3556,3655,3708,3774,3863,3951,4013,4077,4140,4256,4359,4466,4570,4656"
                    },
                    "to": {
                        "startLines": "2,33,34,35,36,55,56,57,58,59,60,61,62,63,64,65,66,67,68,69,70,71,72,73,74,75,76,77,78,79,80,81,82,83,84,85,86,87,88,89,90,91,92,93,94,95,96,97,98,99,100,101,102,103,106",
                        "startColumns": "4,4,4,4,4,4,4,4,4,4,4,4,4,4,4,4,4,4,4,4,4,4,4,4,4,4,4,4,4,4,4,4,4,4,4,4,4,4,4,4,4,4,4,4,4,4,4,4,4,4,4,4,4,4,4",
                        "startOffsets": "105,3009,3091,3194,3314,6218,6282,6374,6453,6518,6608,6676,6738,6811,6875,6929,7055,7113,7175,7229,7305,7448,7535,7617,7726,7808,7890,7977,8044,8110,8185,8265,8352,8425,8502,8575,8649,8742,8819,8912,9010,9084,9165,9264,9317,9383,9472,9560,9622,9686,9749,9865,9968,10075,10411",
                        "endLines": "5,33,34,35,36,55,56,57,58,59,60,61,62,63,64,65,66,67,68,69,70,71,72,73,74,75,76,77,78,79,80,81,82,83,84,85,86,87,88,89,90,91,92,93,94,95,96,97,98,99,100,101,102,103,106",
                        "endColumns": "12,81,102,119,80,63,91,78,64,89,67,61,72,63,53,125,57,61,53,75,142,86,81,108,81,81,86,66,65,74,79,86,72,76,72,73,92,76,92,97,73,80,98,52,65,88,87,61,63,62,115,102,106,103,85",
                        "endOffsets": "273,3086,3189,3309,3390,6277,6369,6448,6513,6603,6671,6733,6806,6870,6924,7050,7108,7170,7224,7300,7443,7530,7612,7721,7803,7885,7972,8039,8105,8180,8260,8347,8420,8497,8570,8644,8737,8814,8907,9005,9079,9160,9259,9312,9378,9467,9555,9617,9681,9744,9860,9963,10070,10174,10492"
                    }
                }
            ]
        }
    ]
}