{
    "logs": [
        {
            "outputFile": "/Users/sreeram-10645/Desktop/BookCave/app/build/intermediates/incremental/mergeDebugResources/merged.dir/values-en-rIN/values-en-rIN.xml",
            "map": [
                {
                    "source": "/Users/sreeram-10645/.gradle/caches/transforms-2/files-2.1/3ec4a919a4a852817eb0bd6abe47cd00/core-1.5.0/res/values-en-rIN/values-en-rIN.xml",
                    "from": {
                        "startLines": "2",
                        "startColumns": "4",
                        "startOffsets": "55",
                        "endColumns": "100",
                        "endOffsets": "151"
                    },
                    "to": {
                        "startLines": "32",
                        "startColumns": "4",
                        "startOffsets": "3068",
                        "endColumns": "100",
                        "endOffsets": "3164"
                    }
                },
                {
                    "source": "/Users/sreeram-10645/.gradle/caches/transforms-2/files-2.1/e8c2e83920589a500fed0d2556b72027/appcompat-1.3.1/res/values-en-rIN/values-en-rIN.xml",
                    "from": {
                        "startLines": "2,3,4,5,6,7,8,9,10,11,12,13,14,15,16,17,18,19,20,21,22,23,24,25,26,27,28,29",
                        "startColumns": "4,4,4,4,4,4,4,4,4,4,4,4,4,4,4,4,4,4,4,4,4,4,4,4,4,4,4,4",
                        "startOffsets": "105,209,309,417,501,601,716,794,869,960,1053,1148,1242,1342,1435,1530,1624,1715,1806,1888,1991,2094,2193,2298,2402,2506,2662,2762",
                        "endColumns": "103,99,107,83,99,114,77,74,90,92,94,93,99,92,94,93,90,90,81,102,102,98,104,103,103,155,99,82",
                        "endOffsets": "204,304,412,496,596,711,789,864,955,1048,1143,1237,1337,1430,1525,1619,1710,1801,1883,1986,2089,2188,2293,2397,2501,2657,2757,2840"
                    },
                    "to": {
                        "startLines": "2,3,4,5,6,7,8,9,10,11,12,13,14,15,16,17,18,19,20,21,22,23,24,25,26,27,28,31",
                        "startColumns": "4,4,4,4,4,4,4,4,4,4,4,4,4,4,4,4,4,4,4,4,4,4,4,4,4,4,4,4",
                        "startOffsets": "105,209,309,417,501,601,716,794,869,960,1053,1148,1242,1342,1435,1530,1624,1715,1806,1888,1991,2094,2193,2298,2402,2506,2662,2985",
                        "endColumns": "103,99,107,83,99,114,77,74,90,92,94,93,99,92,94,93,90,90,81,102,102,98,104,103,103,155,99,82",
                        "endOffsets": "204,304,412,496,596,711,789,864,955,1048,1143,1237,1337,1430,1525,1619,1710,1801,1883,1986,2089,2188,2293,2397,2501,2657,2757,3063"
                    }
                },
                {
                    "source": "/Users/sreeram-10645/.gradle/caches/transforms-2/files-2.1/0fb1a06253dd1fd4daeeafdcd1f6a104/navigation-ui-2.3.4/res/values-en-rIN/values-en-rIN.xml",
                    "from": {
                        "startLines": "2,3",
                        "startColumns": "4,4",
                        "startOffsets": "55,161",
                        "endColumns": "105,116",
                        "endOffsets": "156,273"
                    },
                    "to": {
                        "startLines": "29,30",
                        "startColumns": "4,4",
                        "startOffsets": "2762,2868",
                        "endColumns": "105,116",
                        "endOffsets": "2863,2980"
                    }
                }
            ]
        }
    ]
}