{
    "logs": [
        {
            "outputFile": "/Users/sreeram-10645/Desktop/BookCave/app/build/intermediates/incremental/mergeDebugResources/merged.dir/values-hi/values-hi.xml",
            "map": [
                {
                    "source": "/Users/sreeram-10645/.gradle/caches/transforms-2/files-2.1/e8c2e83920589a500fed0d2556b72027/appcompat-1.3.1/res/values-hi/values-hi.xml",
                    "from": {
                        "startLines": "2,3,4,5,6,7,8,9,10,11,12,13,14,15,16,17,18,19,20,21,22,23,24,25,26,27,28,29",
                        "startColumns": "4,4,4,4,4,4,4,4,4,4,4,4,4,4,4,4,4,4,4,4,4,4,4,4,4,4,4,4",
                        "startOffsets": "105,211,309,419,505,607,728,806,883,974,1067,1162,1256,1356,1449,1544,1638,1729,1820,1901,2006,2108,2206,2316,2419,2528,2686,2787",
                        "endColumns": "105,97,109,85,101,120,77,76,90,92,94,93,99,92,94,93,90,90,80,104,101,97,109,102,108,157,100,81",
                        "endOffsets": "206,304,414,500,602,723,801,878,969,1062,1157,1251,1351,1444,1539,1633,1724,1815,1896,2001,2103,2201,2311,2414,2523,2681,2782,2864"
                    },
                    "to": {
                        "startLines": "6,7,8,9,10,11,12,13,14,15,16,17,18,19,20,21,22,23,24,25,26,27,28,29,30,31,32,107",
                        "startColumns": "4,4,4,4,4,4,4,4,4,4,4,4,4,4,4,4,4,4,4,4,4,4,4,4,4,4,4,4",
                        "startOffsets": "264,370,468,578,664,766,887,965,1042,1133,1226,1321,1415,1515,1608,1703,1797,1888,1979,2060,2165,2267,2365,2475,2578,2687,2845,10227",
                        "endColumns": "105,97,109,85,101,120,77,76,90,92,94,93,99,92,94,93,90,90,80,104,101,97,109,102,108,157,100,81",
                        "endOffsets": "365,463,573,659,761,882,960,1037,1128,1221,1316,1410,1510,1603,1698,1792,1883,1974,2055,2160,2262,2360,2470,2573,2682,2840,2941,10304"
                    }
                },
                {
                    "source": "/Users/sreeram-10645/.gradle/caches/transforms-2/files-2.1/b4f07f32e4554f54f8ae4a9ce2b5d984/jetified-play-services-base-17.1.0/res/values-hi/values.xml",
                    "from": {
                        "startLines": "4,5,6,7,8,9,10,11,12,13,14,15,16,17,18,19,20",
                        "startColumns": "0,0,0,0,0,0,0,0,0,0,0,0,0,0,0,0,0",
                        "startOffsets": "245,351,543,667,777,987,1115,1253,1390,1606,1713,1910,2038,2238,2417,2506,2599",
                        "endColumns": "105,191,123,109,209,127,137,136,215,106,196,127,199,178,88,92,112",
                        "endOffsets": "350,542,666,776,986,1114,1252,1389,1605,1712,1909,2037,2237,2416,2505,2598,2711"
                    },
                    "to": {
                        "startLines": "37,38,39,40,41,42,43,44,46,47,48,49,50,51,52,53,54",
                        "startColumns": "4,4,4,4,4,4,4,4,4,4,4,4,4,4,4,4,4",
                        "startOffsets": "3349,3459,3651,3779,3893,4103,4235,4377,4723,4939,5050,5247,5379,5579,5762,5855,5952",
                        "endColumns": "109,191,127,113,209,131,141,140,215,110,196,131,199,182,92,96,116",
                        "endOffsets": "3454,3646,3774,3888,4098,4230,4372,4513,4934,5045,5242,5374,5574,5757,5850,5947,6064"
                    }
                },
                {
                    "source": "/Users/sreeram-10645/.gradle/caches/transforms-2/files-2.1/0fb1a06253dd1fd4daeeafdcd1f6a104/navigation-ui-2.3.4/res/values-hi/values-hi.xml",
                    "from": {
                        "startLines": "2,3",
                        "startColumns": "4,4",
                        "startOffsets": "55,159",
                        "endColumns": "103,113",
                        "endOffsets": "154,268"
                    },
                    "to": {
                        "startLines": "104,105",
                        "startColumns": "4,4",
                        "startOffsets": "9930,10034",
                        "endColumns": "103,113",
                        "endOffsets": "10029,10143"
                    }
                },
                {
                    "source": "/Users/sreeram-10645/.gradle/caches/transforms-2/files-2.1/80c0bace7931a1d0598ee7c9ea4f6198/jetified-play-services-basement-17.1.0/res/values-hi/values.xml",
                    "from": {
                        "startLines": "4",
                        "startColumns": "0",
                        "startOffsets": "247",
                        "endColumns": "204",
                        "endOffsets": "451"
                    },
                    "to": {
                        "startLines": "45",
                        "startColumns": "4",
                        "startOffsets": "4518",
                        "endColumns": "204",
                        "endOffsets": "4718"
                    }
                },
                {
                    "source": "/Users/sreeram-10645/.gradle/caches/transforms-2/files-2.1/3ec4a919a4a852817eb0bd6abe47cd00/core-1.5.0/res/values-hi/values-hi.xml",
                    "from": {
                        "startLines": "2",
                        "startColumns": "4",
                        "startOffsets": "55",
                        "endColumns": "100",
                        "endOffsets": "151"
                    },
                    "to": {
                        "startLines": "108",
                        "startColumns": "4",
                        "startOffsets": "10309",
                        "endColumns": "100",
                        "endOffsets": "10405"
                    }
                },
                {
                    "source": "/Users/sreeram-10645/.gradle/caches/transforms-2/files-2.1/18bb10d02c50c1d885e21793df22f358/material-1.4.0-alpha01/res/values-hi/values-hi.xml",
                    "from": {
                        "startLines": "2,6,7,8,9,10,11,12,13,14,15,16,17,18,19,20,21,22,23,24,25,26,27,28,29,30,31,32,33,34,35,36,37,38,39,40,41,42,43,44,45,46,47,48,49,50,51,52,53,54,55,56,57,58,59",
                        "startColumns": "4,4,4,4,4,4,4,4,4,4,4,4,4,4,4,4,4,4,4,4,4,4,4,4,4,4,4,4,4,4,4,4,4,4,4,4,4,4,4,4,4,4,4,4,4,4,4,4,4,4,4,4,4,4,4",
                        "startOffsets": "55,214,295,402,534,617,682,776,845,904,989,1052,1110,1175,1236,1297,1403,1461,1521,1580,1650,1766,1845,1925,2029,2104,2180,2277,2344,2410,2480,2557,2643,2711,2787,2868,2946,3032,3119,3216,3315,3389,3459,3563,3617,3684,3774,3866,3928,3992,4055,4160,4268,4369,4478",
                        "endLines": "5,6,7,8,9,10,11,12,13,14,15,16,17,18,19,20,21,22,23,24,25,26,27,28,29,30,31,32,33,34,35,36,37,38,39,40,41,42,43,44,45,46,47,48,49,50,51,52,53,54,55,56,57,58,59",
                        "endColumns": "12,80,106,131,82,64,93,68,58,84,62,57,64,60,60,105,57,59,58,69,115,78,79,103,74,75,96,66,65,69,76,85,67,75,80,77,85,86,96,98,73,69,103,53,66,89,91,61,63,62,104,107,100,108,78",
                        "endOffsets": "209,290,397,529,612,677,771,840,899,984,1047,1105,1170,1231,1292,1398,1456,1516,1575,1645,1761,1840,1920,2024,2099,2175,2272,2339,2405,2475,2552,2638,2706,2782,2863,2941,3027,3114,3211,3310,3384,3454,3558,3612,3679,3769,3861,3923,3987,4050,4155,4263,4364,4473,4552"
                    },
                    "to": {
                        "startLines": "2,33,34,35,36,55,56,57,58,59,60,61,62,63,64,65,66,67,68,69,70,71,72,73,74,75,76,77,78,79,80,81,82,83,84,85,86,87,88,89,90,91,92,93,94,95,96,97,98,99,100,101,102,103,106",
                        "startColumns": "4,4,4,4,4,4,4,4,4,4,4,4,4,4,4,4,4,4,4,4,4,4,4,4,4,4,4,4,4,4,4,4,4,4,4,4,4,4,4,4,4,4,4,4,4,4,4,4,4,4,4,4,4,4,4",
                        "startOffsets": "105,2946,3027,3134,3266,6069,6134,6228,6297,6356,6441,6504,6562,6627,6688,6749,6855,6913,6973,7032,7102,7218,7297,7377,7481,7556,7632,7729,7796,7862,7932,8009,8095,8163,8239,8320,8398,8484,8571,8668,8767,8841,8911,9015,9069,9136,9226,9318,9380,9444,9507,9612,9720,9821,10148",
                        "endLines": "5,33,34,35,36,55,56,57,58,59,60,61,62,63,64,65,66,67,68,69,70,71,72,73,74,75,76,77,78,79,80,81,82,83,84,85,86,87,88,89,90,91,92,93,94,95,96,97,98,99,100,101,102,103,106",
                        "endColumns": "12,80,106,131,82,64,93,68,58,84,62,57,64,60,60,105,57,59,58,69,115,78,79,103,74,75,96,66,65,69,76,85,67,75,80,77,85,86,96,98,73,69,103,53,66,89,91,61,63,62,104,107,100,108,78",
                        "endOffsets": "259,3022,3129,3261,3344,6129,6223,6292,6351,6436,6499,6557,6622,6683,6744,6850,6908,6968,7027,7097,7213,7292,7372,7476,7551,7627,7724,7791,7857,7927,8004,8090,8158,8234,8315,8393,8479,8566,8663,8762,8836,8906,9010,9064,9131,9221,9313,9375,9439,9502,9607,9715,9816,9925,10222"
                    }
                }
            ]
        }
    ]
}