{
    "logs": [
        {
            "outputFile": "/Users/sreeram-10645/Desktop/BookCave/app/build/intermediates/incremental/mergeDebugResources/merged.dir/values-lv/values-lv.xml",
            "map": [
                {
                    "source": "/Users/sreeram-10645/.gradle/caches/transforms-2/files-2.1/0fb1a06253dd1fd4daeeafdcd1f6a104/navigation-ui-2.3.4/res/values-lv/values-lv.xml",
                    "from": {
                        "startLines": "2,3",
                        "startColumns": "4,4",
                        "startOffsets": "55,169",
                        "endColumns": "113,122",
                        "endOffsets": "164,287"
                    },
                    "to": {
                        "startLines": "105,106",
                        "startColumns": "4,4",
                        "startOffsets": "10360,10474",
                        "endColumns": "113,122",
                        "endOffsets": "10469,10592"
                    }
                },
                {
                    "source": "/Users/sreeram-10645/.gradle/caches/transforms-2/files-2.1/18bb10d02c50c1d885e21793df22f358/material-1.4.0-alpha01/res/values-lv/values-lv.xml",
                    "from": {
                        "startLines": "2,7,8,9,10,11,12,13,14,15,16,17,18,19,20,21,22,23,24,25,26,27,28,29,30,31,32,33,34,35,36,37,38,39,40,41,42,43,44,45,46,47,48,49,50,51,52,53,54,55,56,57,58,59,60",
                        "startColumns": "4,4,4,4,4,4,4,4,4,4,4,4,4,4,4,4,4,4,4,4,4,4,4,4,4,4,4,4,4,4,4,4,4,4,4,4,4,4,4,4,4,4,4,4,4,4,4,4,4,4,4,4,4,4,4",
                        "startOffsets": "55,279,360,461,595,678,743,837,910,971,1096,1164,1225,1297,1357,1411,1531,1591,1653,1707,1784,1914,2001,2083,2194,2274,2359,2450,2517,2583,2657,2738,2822,2895,2972,3049,3123,3216,3291,3381,3472,3544,3622,3713,3767,3835,3919,4006,4068,4132,4195,4305,4418,4521,4633",
                        "endLines": "6,7,8,9,10,11,12,13,14,15,16,17,18,19,20,21,22,23,24,25,26,27,28,29,30,31,32,33,34,35,36,37,38,39,40,41,42,43,44,45,46,47,48,49,50,51,52,53,54,55,56,57,58,59,60",
                        "endColumns": "12,80,100,133,82,64,93,72,60,124,67,60,71,59,53,119,59,61,53,76,129,86,81,110,79,84,90,66,65,73,80,83,72,76,76,73,92,74,89,90,71,77,90,53,67,83,86,61,63,62,109,112,102,111,76",
                        "endOffsets": "274,355,456,590,673,738,832,905,966,1091,1159,1220,1292,1352,1406,1526,1586,1648,1702,1779,1909,1996,2078,2189,2269,2354,2445,2512,2578,2652,2733,2817,2890,2967,3044,3118,3211,3286,3376,3467,3539,3617,3708,3762,3830,3914,4001,4063,4127,4190,4300,4413,4516,4628,4705"
                    },
                    "to": {
                        "startLines": "2,34,35,36,37,56,57,58,59,60,61,62,63,64,65,66,67,68,69,70,71,72,73,74,75,76,77,78,79,80,81,82,83,84,85,86,87,88,89,90,91,92,93,94,95,96,97,98,99,100,101,102,103,104,107",
                        "startColumns": "4,4,4,4,4,4,4,4,4,4,4,4,4,4,4,4,4,4,4,4,4,4,4,4,4,4,4,4,4,4,4,4,4,4,4,4,4,4,4,4,4,4,4,4,4,4,4,4,4,4,4,4,4,4,4",
                        "startOffsets": "105,3213,3294,3395,3529,6405,6470,6564,6637,6698,6823,6891,6952,7024,7084,7138,7258,7318,7380,7434,7511,7641,7728,7810,7921,8001,8086,8177,8244,8310,8384,8465,8549,8622,8699,8776,8850,8943,9018,9108,9199,9271,9349,9440,9494,9562,9646,9733,9795,9859,9922,10032,10145,10248,10597",
                        "endLines": "6,34,35,36,37,56,57,58,59,60,61,62,63,64,65,66,67,68,69,70,71,72,73,74,75,76,77,78,79,80,81,82,83,84,85,86,87,88,89,90,91,92,93,94,95,96,97,98,99,100,101,102,103,104,107",
                        "endColumns": "12,80,100,133,82,64,93,72,60,124,67,60,71,59,53,119,59,61,53,76,129,86,81,110,79,84,90,66,65,73,80,83,72,76,76,73,92,74,89,90,71,77,90,53,67,83,86,61,63,62,109,112,102,111,76",
                        "endOffsets": "324,3289,3390,3524,3607,6465,6559,6632,6693,6818,6886,6947,7019,7079,7133,7253,7313,7375,7429,7506,7636,7723,7805,7916,7996,8081,8172,8239,8305,8379,8460,8544,8617,8694,8771,8845,8938,9013,9103,9194,9266,9344,9435,9489,9557,9641,9728,9790,9854,9917,10027,10140,10243,10355,10669"
                    }
                },
                {
                    "source": "/Users/sreeram-10645/.gradle/caches/transforms-2/files-2.1/3ec4a919a4a852817eb0bd6abe47cd00/core-1.5.0/res/values-lv/values-lv.xml",
                    "from": {
                        "startLines": "2",
                        "startColumns": "4",
                        "startOffsets": "55",
                        "endColumns": "100",
                        "endOffsets": "151"
                    },
                    "to": {
                        "startLines": "109",
                        "startColumns": "4",
                        "startOffsets": "10757",
                        "endColumns": "100",
                        "endOffsets": "10853"
                    }
                },
                {
                    "source": "/Users/sreeram-10645/.gradle/caches/transforms-2/files-2.1/80c0bace7931a1d0598ee7c9ea4f6198/jetified-play-services-basement-17.1.0/res/values-lv/values.xml",
                    "from": {
                        "startLines": "4",
                        "startColumns": "0",
                        "startOffsets": "247",
                        "endColumns": "224",
                        "endOffsets": "471"
                    },
                    "to": {
                        "startLines": "46",
                        "startColumns": "4",
                        "startOffsets": "4775",
                        "endColumns": "224",
                        "endOffsets": "4995"
                    }
                },
                {
                    "source": "/Users/sreeram-10645/.gradle/caches/transforms-2/files-2.1/e8c2e83920589a500fed0d2556b72027/appcompat-1.3.1/res/values-lv/values-lv.xml",
                    "from": {
                        "startLines": "2,3,4,5,6,7,8,9,10,11,12,13,14,15,16,17,18,19,20,21,22,23,24,25,26,27,28,29",
                        "startColumns": "4,4,4,4,4,4,4,4,4,4,4,4,4,4,4,4,4,4,4,4,4,4,4,4,4,4,4,4",
                        "startOffsets": "105,225,335,444,530,634,756,838,918,1028,1136,1242,1351,1462,1565,1677,1784,1889,1989,2074,2183,2294,2393,2504,2611,2716,2890,2989",
                        "endColumns": "119,109,108,85,103,121,81,79,109,107,105,108,110,102,111,106,104,99,84,108,110,98,110,106,104,173,98,82",
                        "endOffsets": "220,330,439,525,629,751,833,913,1023,1131,1237,1346,1457,1560,1672,1779,1884,1984,2069,2178,2289,2388,2499,2606,2711,2885,2984,3067"
                    },
                    "to": {
                        "startLines": "7,8,9,10,11,12,13,14,15,16,17,18,19,20,21,22,23,24,25,26,27,28,29,30,31,32,33,108",
                        "startColumns": "4,4,4,4,4,4,4,4,4,4,4,4,4,4,4,4,4,4,4,4,4,4,4,4,4,4,4,4",
                        "startOffsets": "329,449,559,668,754,858,980,1062,1142,1252,1360,1466,1575,1686,1789,1901,2008,2113,2213,2298,2407,2518,2617,2728,2835,2940,3114,10674",
                        "endColumns": "119,109,108,85,103,121,81,79,109,107,105,108,110,102,111,106,104,99,84,108,110,98,110,106,104,173,98,82",
                        "endOffsets": "444,554,663,749,853,975,1057,1137,1247,1355,1461,1570,1681,1784,1896,2003,2108,2208,2293,2402,2513,2612,2723,2830,2935,3109,3208,10752"
                    }
                },
                {
                    "source": "/Users/sreeram-10645/.gradle/caches/transforms-2/files-2.1/b4f07f32e4554f54f8ae4a9ce2b5d984/jetified-play-services-base-17.1.0/res/values-lv/values.xml",
                    "from": {
                        "startLines": "4,5,6,7,8,9,10,11,12,13,14,15,16,17,18,19,20",
                        "startColumns": "0,0,0,0,0,0,0,0,0,0,0,0,0,0,0,0,0",
                        "startOffsets": "245,350,543,674,780,981,1110,1253,1384,1618,1725,1925,2058,2286,2467,2557,2651",
                        "endColumns": "104,192,130,105,200,128,142,130,233,106,199,132,227,180,89,93,113",
                        "endOffsets": "349,542,673,779,980,1109,1252,1383,1617,1724,1924,2057,2285,2466,2556,2650,2764"
                    },
                    "to": {
                        "startLines": "38,39,40,41,42,43,44,45,47,48,49,50,51,52,53,54,55",
                        "startColumns": "4,4,4,4,4,4,4,4,4,4,4,4,4,4,4,4,4",
                        "startOffsets": "3612,3721,3914,4049,4159,4360,4493,4640,5000,5234,5345,5545,5682,5910,6095,6189,6287",
                        "endColumns": "108,192,134,109,200,132,146,134,233,110,199,136,227,184,93,97,117",
                        "endOffsets": "3716,3909,4044,4154,4355,4488,4635,4770,5229,5340,5540,5677,5905,6090,6184,6282,6400"
                    }
                }
            ]
        }
    ]
}