{
    "logs": [
        {
            "outputFile": "/Users/sreeram-10645/Desktop/BookCave/app/build/intermediates/incremental/mergeDebugResources/merged.dir/values-da/values-da.xml",
            "map": [
                {
                    "source": "/Users/sreeram-10645/.gradle/caches/transforms-2/files-2.1/b4f07f32e4554f54f8ae4a9ce2b5d984/jetified-play-services-base-17.1.0/res/values-da/values.xml",
                    "from": {
                        "startLines": "4,5,6,7,8,9,10,11,12,13,14,15,16,17,18,19,20",
                        "startColumns": "0,0,0,0,0,0,0,0,0,0,0,0,0,0,0,0,0",
                        "startOffsets": "245,349,541,666,773,975,1098,1244,1374,1589,1693,1886,2011,2215,2419,2511,2599",
                        "endColumns": "103,191,124,106,201,122,145,129,214,103,192,124,203,203,91,87,102",
                        "endOffsets": "348,540,665,772,974,1097,1243,1373,1588,1692,1885,2010,2214,2418,2510,2598,2701"
                    },
                    "to": {
                        "startLines": "37,38,39,40,41,42,43,44,46,47,48,49,50,51,52,53,54",
                        "startColumns": "4,4,4,4,4,4,4,4,4,4,4,4,4,4,4,4,4",
                        "startOffsets": "3334,3442,3634,3763,3874,4076,4203,4353,4673,4888,4996,5189,5318,5522,5730,5826,5918",
                        "endColumns": "107,191,128,110,201,126,149,133,214,107,192,128,203,207,95,91,106",
                        "endOffsets": "3437,3629,3758,3869,4071,4198,4348,4482,4883,4991,5184,5313,5517,5725,5821,5913,6020"
                    }
                },
                {
                    "source": "/Users/sreeram-10645/.gradle/caches/transforms-2/files-2.1/80c0bace7931a1d0598ee7c9ea4f6198/jetified-play-services-basement-17.1.0/res/values-da/values.xml",
                    "from": {
                        "startLines": "4",
                        "startColumns": "0",
                        "startOffsets": "247",
                        "endColumns": "185",
                        "endOffsets": "432"
                    },
                    "to": {
                        "startLines": "45",
                        "startColumns": "4",
                        "startOffsets": "4487",
                        "endColumns": "185",
                        "endOffsets": "4668"
                    }
                },
                {
                    "source": "/Users/sreeram-10645/.gradle/caches/transforms-2/files-2.1/0fb1a06253dd1fd4daeeafdcd1f6a104/navigation-ui-2.3.4/res/values-da/values-da.xml",
                    "from": {
                        "startLines": "2,3",
                        "startColumns": "4,4",
                        "startOffsets": "55,160",
                        "endColumns": "104,108",
                        "endOffsets": "155,264"
                    },
                    "to": {
                        "startLines": "104,105",
                        "startColumns": "4,4",
                        "startOffsets": "9816,9921",
                        "endColumns": "104,108",
                        "endOffsets": "9916,10025"
                    }
                },
                {
                    "source": "/Users/sreeram-10645/.gradle/caches/transforms-2/files-2.1/3ec4a919a4a852817eb0bd6abe47cd00/core-1.5.0/res/values-da/values-da.xml",
                    "from": {
                        "startLines": "2",
                        "startColumns": "4",
                        "startOffsets": "55",
                        "endColumns": "100",
                        "endOffsets": "151"
                    },
                    "to": {
                        "startLines": "108",
                        "startColumns": "4",
                        "startOffsets": "10190",
                        "endColumns": "100",
                        "endOffsets": "10286"
                    }
                },
                {
                    "source": "/Users/sreeram-10645/.gradle/caches/transforms-2/files-2.1/18bb10d02c50c1d885e21793df22f358/material-1.4.0-alpha01/res/values-da/values-da.xml",
                    "from": {
                        "startLines": "2,6,7,8,9,10,11,12,13,14,15,16,17,18,19,20,21,22,23,24,25,26,27,28,29,30,31,32,33,34,35,36,37,38,39,40,41,42,43,44,45,46,47,48,49,50,51,52,53,54,55,56,57,58,59",
                        "startColumns": "4,4,4,4,4,4,4,4,4,4,4,4,4,4,4,4,4,4,4,4,4,4,4,4,4,4,4,4,4,4,4,4,4,4,4,4,4,4,4,4,4,4,4,4,4,4,4,4,4,4,4,4,4,4,4",
                        "startOffsets": "55,227,305,405,554,632,696,782,855,915,1002,1064,1126,1194,1259,1315,1433,1491,1552,1608,1683,1809,1895,1975,2086,2164,2244,2330,2397,2463,2531,2605,2694,2766,2844,2914,2987,3071,3148,3236,3325,3399,3472,3557,3606,3672,3752,3835,3897,3961,4024,4132,4227,4328,4423",
                        "endLines": "5,6,7,8,9,10,11,12,13,14,15,16,17,18,19,20,21,22,23,24,25,26,27,28,29,30,31,32,33,34,35,36,37,38,39,40,41,42,43,44,45,46,47,48,49,50,51,52,53,54,55,56,57,58,59",
                        "endColumns": "12,77,99,148,77,63,85,72,59,86,61,61,67,64,55,117,57,60,55,74,125,85,79,110,77,79,85,66,65,67,73,88,71,77,69,72,83,76,87,88,73,72,84,48,65,79,82,61,63,62,107,94,100,94,79",
                        "endOffsets": "222,300,400,549,627,691,777,850,910,997,1059,1121,1189,1254,1310,1428,1486,1547,1603,1678,1804,1890,1970,2081,2159,2239,2325,2392,2458,2526,2600,2689,2761,2839,2909,2982,3066,3143,3231,3320,3394,3467,3552,3601,3667,3747,3830,3892,3956,4019,4127,4222,4323,4418,4498"
                    },
                    "to": {
                        "startLines": "2,33,34,35,36,55,56,57,58,59,60,61,62,63,64,65,66,67,68,69,70,71,72,73,74,75,76,77,78,79,80,81,82,83,84,85,86,87,88,89,90,91,92,93,94,95,96,97,98,99,100,101,102,103,106",
                        "startColumns": "4,4,4,4,4,4,4,4,4,4,4,4,4,4,4,4,4,4,4,4,4,4,4,4,4,4,4,4,4,4,4,4,4,4,4,4,4,4,4,4,4,4,4,4,4,4,4,4,4,4,4,4,4,4,4",
                        "startOffsets": "105,2929,3007,3107,3256,6025,6089,6175,6248,6308,6395,6457,6519,6587,6652,6708,6826,6884,6945,7001,7076,7202,7288,7368,7479,7557,7637,7723,7790,7856,7924,7998,8087,8159,8237,8307,8380,8464,8541,8629,8718,8792,8865,8950,8999,9065,9145,9228,9290,9354,9417,9525,9620,9721,10030",
                        "endLines": "5,33,34,35,36,55,56,57,58,59,60,61,62,63,64,65,66,67,68,69,70,71,72,73,74,75,76,77,78,79,80,81,82,83,84,85,86,87,88,89,90,91,92,93,94,95,96,97,98,99,100,101,102,103,106",
                        "endColumns": "12,77,99,148,77,63,85,72,59,86,61,61,67,64,55,117,57,60,55,74,125,85,79,110,77,79,85,66,65,67,73,88,71,77,69,72,83,76,87,88,73,72,84,48,65,79,82,61,63,62,107,94,100,94,79",
                        "endOffsets": "272,3002,3102,3251,3329,6084,6170,6243,6303,6390,6452,6514,6582,6647,6703,6821,6879,6940,6996,7071,7197,7283,7363,7474,7552,7632,7718,7785,7851,7919,7993,8082,8154,8232,8302,8375,8459,8536,8624,8713,8787,8860,8945,8994,9060,9140,9223,9285,9349,9412,9520,9615,9716,9811,10105"
                    }
                },
                {
                    "source": "/Users/sreeram-10645/.gradle/caches/transforms-2/files-2.1/e8c2e83920589a500fed0d2556b72027/appcompat-1.3.1/res/values-da/values-da.xml",
                    "from": {
                        "startLines": "2,3,4,5,6,7,8,9,10,11,12,13,14,15,16,17,18,19,20,21,22,23,24,25,26,27,28,29",
                        "startColumns": "4,4,4,4,4,4,4,4,4,4,4,4,4,4,4,4,4,4,4,4,4,4,4,4,4,4,4,4",
                        "startOffsets": "105,205,299,415,500,600,713,791,867,958,1051,1144,1238,1332,1425,1520,1618,1709,1800,1879,1987,2094,2190,2303,2406,2507,2660,2757",
                        "endColumns": "99,93,115,84,99,112,77,75,90,92,92,93,93,92,94,97,90,90,78,107,106,95,112,102,100,152,96,79",
                        "endOffsets": "200,294,410,495,595,708,786,862,953,1046,1139,1233,1327,1420,1515,1613,1704,1795,1874,1982,2089,2185,2298,2401,2502,2655,2752,2832"
                    },
                    "to": {
                        "startLines": "6,7,8,9,10,11,12,13,14,15,16,17,18,19,20,21,22,23,24,25,26,27,28,29,30,31,32,107",
                        "startColumns": "4,4,4,4,4,4,4,4,4,4,4,4,4,4,4,4,4,4,4,4,4,4,4,4,4,4,4,4",
                        "startOffsets": "277,377,471,587,672,772,885,963,1039,1130,1223,1316,1410,1504,1597,1692,1790,1881,1972,2051,2159,2266,2362,2475,2578,2679,2832,10110",
                        "endColumns": "99,93,115,84,99,112,77,75,90,92,92,93,93,92,94,97,90,90,78,107,106,95,112,102,100,152,96,79",
                        "endOffsets": "372,466,582,667,767,880,958,1034,1125,1218,1311,1405,1499,1592,1687,1785,1876,1967,2046,2154,2261,2357,2470,2573,2674,2827,2924,10185"
                    }
                }
            ]
        }
    ]
}