{
    "logs": [
        {
            "outputFile": "/Users/sreeram-10645/Desktop/BookCave/app/build/intermediates/incremental/mergeDebugResources/merged.dir/values-night-v8/values-night-v8.xml",
            "map": [
                {
                    "source": "/Users/sreeram-10645/.gradle/caches/transforms-2/files-2.1/e8c2e83920589a500fed0d2556b72027/appcompat-1.3.1/res/values-night-v8/values-night-v8.xml",
                    "from": {
                        "startLines": "2,3,4,5,6,7,8,9",
                        "startColumns": "4,4,4,4,4,4,4,4",
                        "startOffsets": "55,125,209,293,389,491,593,687",
                        "endColumns": "69,83,83,95,101,101,93,88",
                        "endOffsets": "120,204,288,384,486,588,682,771"
                    },
                    "to": {
                        "startLines": "2,3,4,5,6,7,8,25",
                        "startColumns": "4,4,4,4,4,4,4,4",
                        "startOffsets": "55,125,209,293,389,491,593,2549",
                        "endColumns": "69,83,83,95,101,101,93,88",
                        "endOffsets": "120,204,288,384,486,588,682,2633"
                    }
                },
                {
                    "source": "/Users/sreeram-10645/.gradle/caches/transforms-2/files-2.1/18bb10d02c50c1d885e21793df22f358/material-1.4.0-alpha01/res/values-night-v8/values-night-v8.xml",
                    "from": {
                        "startLines": "2,3,4,5,6,7,8,9,10,11,12,13,14,15,16,17,18,19,20,21,22,23,24",
                        "startColumns": "4,4,4,4,4,4,4,4,4,4,4,4,4,4,4,4,4,4,4,4,4,4,4",
                        "startOffsets": "55,143,267,369,471,587,689,803,931,1047,1169,1305,1425,1559,1679,1791,1917,2041,2171,2293,2431,2565,2681",
                        "endColumns": "87,123,101,101,115,101,113,127,115,121,135,119,133,119,111,125,123,129,121,137,133,115,119",
                        "endOffsets": "138,262,364,466,582,684,798,926,1042,1164,1300,1420,1554,1674,1786,1912,2036,2166,2288,2426,2560,2676,2796"
                    },
                    "to": {
                        "startLines": "9,10,11,12,13,14,15,16,17,18,19,20,21,22,23,24,26,27,28,29,30,31,32",
                        "startColumns": "4,4,4,4,4,4,4,4,4,4,4,4,4,4,4,4,4,4,4,4,4,4,4",
                        "startOffsets": "687,775,899,1001,1103,1219,1321,1435,1563,1679,1801,1937,2057,2191,2311,2423,2638,2762,2892,3014,3152,3286,3402",
                        "endColumns": "87,123,101,101,115,101,113,127,115,121,135,119,133,119,111,125,123,129,121,137,133,115,119",
                        "endOffsets": "770,894,996,1098,1214,1316,1430,1558,1674,1796,1932,2052,2186,2306,2418,2544,2757,2887,3009,3147,3281,3397,3517"
                    }
                }
            ]
        }
    ]
}