{
    "logs": [
        {
            "outputFile": "/Users/sreeram-10645/Desktop/BookCave/app/build/intermediates/incremental/mergeDebugResources/merged.dir/values-w320dp-land-v13/values-w320dp-land-v13.xml",
            "map": [
                {
                    "source": "/Users/sreeram-10645/.gradle/caches/transforms-2/files-2.1/18bb10d02c50c1d885e21793df22f358/material-1.4.0-alpha01/res/values-w320dp-land-v13/values-w320dp-land-v13.xml",
                    "from": {
                        "startLines": "2,3",
                        "startColumns": "4,4",
                        "startOffsets": "55,110",
                        "endColumns": "54,61",
                        "endOffsets": "105,167"
                    }
                }
            ]
        }
    ]
}