{
    "logs": [
        {
            "outputFile": "/Users/sreeram-10645/Desktop/BookCave/app/build/intermediates/incremental/mergeDebugResources/merged.dir/values-bs/values-bs.xml",
            "map": [
                {
                    "source": "/Users/sreeram-10645/.gradle/caches/transforms-2/files-2.1/b4f07f32e4554f54f8ae4a9ce2b5d984/jetified-play-services-base-17.1.0/res/values-bs/values.xml",
                    "from": {
                        "startLines": "4,5,6,7,8,9,10,11,12,13,14,15,16,17,18,19,20",
                        "startColumns": "0,0,0,0,0,0,0,0,0,0,0,0,0,0,0,0,0",
                        "startOffsets": "245,349,541,665,773,982,1106,1244,1371,1584,1689,1881,2006,2215,2387,2481,2569",
                        "endColumns": "103,191,123,107,208,123,137,126,212,104,191,124,208,171,93,87,109",
                        "endOffsets": "348,540,664,772,981,1105,1243,1370,1583,1688,1880,2005,2214,2386,2480,2568,2678"
                    },
                    "to": {
                        "startLines": "38,39,40,41,42,43,44,45,47,48,49,50,51,52,53,54,55",
                        "startColumns": "4,4,4,4,4,4,4,4,4,4,4,4,4,4,4,4,4",
                        "startOffsets": "3442,3550,3742,3870,3982,4191,4319,4461,4792,5005,5114,5306,5435,5644,5820,5918,6010",
                        "endColumns": "107,191,127,111,208,127,141,130,212,108,191,128,208,175,97,91,113",
                        "endOffsets": "3545,3737,3865,3977,4186,4314,4456,4587,5000,5109,5301,5430,5639,5815,5913,6005,6119"
                    }
                },
                {
                    "source": "/Users/sreeram-10645/.gradle/caches/transforms-2/files-2.1/80c0bace7931a1d0598ee7c9ea4f6198/jetified-play-services-basement-17.1.0/res/values-bs/values.xml",
                    "from": {
                        "startLines": "4",
                        "startColumns": "0",
                        "startOffsets": "247",
                        "endColumns": "199",
                        "endOffsets": "446"
                    },
                    "to": {
                        "startLines": "46",
                        "startColumns": "4",
                        "startOffsets": "4592",
                        "endColumns": "199",
                        "endOffsets": "4787"
                    }
                },
                {
                    "source": "/Users/sreeram-10645/.gradle/caches/transforms-2/files-2.1/0fb1a06253dd1fd4daeeafdcd1f6a104/navigation-ui-2.3.4/res/values-bs/values-bs.xml",
                    "from": {
                        "startLines": "2,3",
                        "startColumns": "4,4",
                        "startOffsets": "55,158",
                        "endColumns": "102,124",
                        "endOffsets": "153,278"
                    },
                    "to": {
                        "startLines": "105,106",
                        "startColumns": "4,4",
                        "startOffsets": "10035,10138",
                        "endColumns": "102,124",
                        "endOffsets": "10133,10258"
                    }
                },
                {
                    "source": "/Users/sreeram-10645/.gradle/caches/transforms-2/files-2.1/3ec4a919a4a852817eb0bd6abe47cd00/core-1.5.0/res/values-bs/values-bs.xml",
                    "from": {
                        "startLines": "2",
                        "startColumns": "4",
                        "startOffsets": "55",
                        "endColumns": "100",
                        "endOffsets": "151"
                    },
                    "to": {
                        "startLines": "109",
                        "startColumns": "4",
                        "startOffsets": "10430",
                        "endColumns": "100",
                        "endOffsets": "10526"
                    }
                },
                {
                    "source": "/Users/sreeram-10645/.gradle/caches/transforms-2/files-2.1/18bb10d02c50c1d885e21793df22f358/material-1.4.0-alpha01/res/values-bs/values-bs.xml",
                    "from": {
                        "startLines": "2,7,8,9,10,11,12,13,14,15,16,17,18,19,20,21,22,23,24,25,26,27,28,29,30,31,32,33,34,35,36,37,38,39,40,41,42,43,44,45,46,47,48,49,50,51,52,53,54,55,56,57,58,59,60",
                        "startColumns": "4,4,4,4,4,4,4,4,4,4,4,4,4,4,4,4,4,4,4,4,4,4,4,4,4,4,4,4,4,4,4,4,4,4,4,4,4,4,4,4,4,4,4,4,4,4,4,4,4,4,4,4,4,4,4",
                        "startOffsets": "55,282,364,460,586,667,733,825,902,965,1073,1139,1195,1266,1326,1380,1499,1556,1618,1672,1747,1871,1959,2042,2157,2242,2328,2416,2483,2549,2623,2701,2788,2860,2937,3010,3080,3173,3245,3337,3433,3507,3583,3679,3732,3799,3886,3973,4035,4099,4162,4270,4372,4473,4578",
                        "endLines": "6,7,8,9,10,11,12,13,14,15,16,17,18,19,20,21,22,23,24,25,26,27,28,29,30,31,32,33,34,35,36,37,38,39,40,41,42,43,44,45,46,47,48,49,50,51,52,53,54,55,56,57,58,59,60",
                        "endColumns": "12,81,95,125,80,65,91,76,62,107,65,55,70,59,53,118,56,61,53,74,123,87,82,114,84,85,87,66,65,73,77,86,71,76,72,69,92,71,91,95,73,75,95,52,66,86,86,61,63,62,107,101,100,104,79",
                        "endOffsets": "277,359,455,581,662,728,820,897,960,1068,1134,1190,1261,1321,1375,1494,1551,1613,1667,1742,1866,1954,2037,2152,2237,2323,2411,2478,2544,2618,2696,2783,2855,2932,3005,3075,3168,3240,3332,3428,3502,3578,3674,3727,3794,3881,3968,4030,4094,4157,4265,4367,4468,4573,4653"
                    },
                    "to": {
                        "startLines": "2,34,35,36,37,56,57,58,59,60,61,62,63,64,65,66,67,68,69,70,71,72,73,74,75,76,77,78,79,80,81,82,83,84,85,86,87,88,89,90,91,92,93,94,95,96,97,98,99,100,101,102,103,104,107",
                        "startColumns": "4,4,4,4,4,4,4,4,4,4,4,4,4,4,4,4,4,4,4,4,4,4,4,4,4,4,4,4,4,4,4,4,4,4,4,4,4,4,4,4,4,4,4,4,4,4,4,4,4,4,4,4,4,4,4",
                        "startOffsets": "105,3057,3139,3235,3361,6124,6190,6282,6359,6422,6530,6596,6652,6723,6783,6837,6956,7013,7075,7129,7204,7328,7416,7499,7614,7699,7785,7873,7940,8006,8080,8158,8245,8317,8394,8467,8537,8630,8702,8794,8890,8964,9040,9136,9189,9256,9343,9430,9492,9556,9619,9727,9829,9930,10263",
                        "endLines": "6,34,35,36,37,56,57,58,59,60,61,62,63,64,65,66,67,68,69,70,71,72,73,74,75,76,77,78,79,80,81,82,83,84,85,86,87,88,89,90,91,92,93,94,95,96,97,98,99,100,101,102,103,104,107",
                        "endColumns": "12,81,95,125,80,65,91,76,62,107,65,55,70,59,53,118,56,61,53,74,123,87,82,114,84,85,87,66,65,73,77,86,71,76,72,69,92,71,91,95,73,75,95,52,66,86,86,61,63,62,107,101,100,104,79",
                        "endOffsets": "327,3134,3230,3356,3437,6185,6277,6354,6417,6525,6591,6647,6718,6778,6832,6951,7008,7070,7124,7199,7323,7411,7494,7609,7694,7780,7868,7935,8001,8075,8153,8240,8312,8389,8462,8532,8625,8697,8789,8885,8959,9035,9131,9184,9251,9338,9425,9487,9551,9614,9722,9824,9925,10030,10338"
                    }
                },
                {
                    "source": "/Users/sreeram-10645/.gradle/caches/transforms-2/files-2.1/e8c2e83920589a500fed0d2556b72027/appcompat-1.3.1/res/values-bs/values-bs.xml",
                    "from": {
                        "startLines": "2,3,4,5,6,7,8,9,10,11,12,13,14,15,16,17,18,19,20,21,22,23,24,25,26,27,28,29",
                        "startColumns": "4,4,4,4,4,4,4,4,4,4,4,4,4,4,4,4,4,4,4,4,4,4,4,4,4,4,4,4",
                        "startOffsets": "105,226,323,430,516,620,742,827,909,1000,1093,1188,1282,1382,1475,1570,1665,1756,1847,1935,2038,2142,2243,2348,2462,2565,2734,2830",
                        "endColumns": "120,96,106,85,103,121,84,81,90,92,94,93,99,92,94,94,90,90,87,102,103,100,104,113,102,168,95,86",
                        "endOffsets": "221,318,425,511,615,737,822,904,995,1088,1183,1277,1377,1470,1565,1660,1751,1842,1930,2033,2137,2238,2343,2457,2560,2729,2825,2912"
                    },
                    "to": {
                        "startLines": "7,8,9,10,11,12,13,14,15,16,17,18,19,20,21,22,23,24,25,26,27,28,29,30,31,32,33,108",
                        "startColumns": "4,4,4,4,4,4,4,4,4,4,4,4,4,4,4,4,4,4,4,4,4,4,4,4,4,4,4,4",
                        "startOffsets": "332,453,550,657,743,847,969,1054,1136,1227,1320,1415,1509,1609,1702,1797,1892,1983,2074,2162,2265,2369,2470,2575,2689,2792,2961,10343",
                        "endColumns": "120,96,106,85,103,121,84,81,90,92,94,93,99,92,94,94,90,90,87,102,103,100,104,113,102,168,95,86",
                        "endOffsets": "448,545,652,738,842,964,1049,1131,1222,1315,1410,1504,1604,1697,1792,1887,1978,2069,2157,2260,2364,2465,2570,2684,2787,2956,3052,10425"
                    }
                }
            ]
        }
    ]
}