{
    "logs": [
        {
            "outputFile": "/Users/sreeram-10645/Desktop/BookCave/app/build/intermediates/incremental/mergeDebugResources/merged.dir/values-ar/values-ar.xml",
            "map": [
                {
                    "source": "/Users/sreeram-10645/.gradle/caches/transforms-2/files-2.1/3ec4a919a4a852817eb0bd6abe47cd00/core-1.5.0/res/values-ar/values-ar.xml",
                    "from": {
                        "startLines": "2",
                        "startColumns": "4",
                        "startOffsets": "55",
                        "endColumns": "100",
                        "endOffsets": "151"
                    },
                    "to": {
                        "startLines": "112",
                        "startColumns": "4",
                        "startOffsets": "10324",
                        "endColumns": "100",
                        "endOffsets": "10420"
                    }
                },
                {
                    "source": "/Users/sreeram-10645/.gradle/caches/transforms-2/files-2.1/18bb10d02c50c1d885e21793df22f358/material-1.4.0-alpha01/res/values-ar/values-ar.xml",
                    "from": {
                        "startLines": "2,10,11,12,13,14,15,16,17,18,19,20,21,22,23,24,25,26,27,28,29,30,31,32,33,34,35,36,37,38,39,40,41,42,43,44,45,46,47,48,49,50,51,52,53,54,55,56,57,58,59,60,61,62,63",
                        "startColumns": "4,4,4,4,4,4,4,4,4,4,4,4,4,4,4,4,4,4,4,4,4,4,4,4,4,4,4,4,4,4,4,4,4,4,4,4,4,4,4,4,4,4,4,4,4,4,4,4,4,4,4,4,4,4,4",
                        "startOffsets": "55,420,504,605,724,801,864,955,1024,1091,1191,1256,1317,1385,1447,1505,1619,1679,1740,1797,1870,1993,2074,2154,2272,2353,2434,2523,2590,2656,2734,2814,2898,2970,3044,3117,3187,3278,3349,3439,3534,3608,3691,3784,3833,3902,3988,4073,4135,4199,4262,4371,4463,4560,4653",
                        "endLines": "9,10,11,12,13,14,15,16,17,18,19,20,21,22,23,24,25,26,27,28,29,30,31,32,33,34,35,36,37,38,39,40,41,42,43,44,45,46,47,48,49,50,51,52,53,54,55,56,57,58,59,60,61,62,63",
                        "endColumns": "12,83,100,118,76,62,90,68,66,99,64,60,67,61,57,113,59,60,56,72,122,80,79,117,80,80,88,66,65,77,79,83,71,73,72,69,90,70,89,94,73,82,92,48,68,85,84,61,63,62,108,91,96,92,79",
                        "endOffsets": "415,499,600,719,796,859,950,1019,1086,1186,1251,1312,1380,1442,1500,1614,1674,1735,1792,1865,1988,2069,2149,2267,2348,2429,2518,2585,2651,2729,2809,2893,2965,3039,3112,3182,3273,3344,3434,3529,3603,3686,3779,3828,3897,3983,4068,4130,4194,4257,4366,4458,4555,4648,4728"
                    },
                    "to": {
                        "startLines": "2,37,38,39,40,59,60,61,62,63,64,65,66,67,68,69,70,71,72,73,74,75,76,77,78,79,80,81,82,83,84,85,86,87,88,89,90,91,92,93,94,95,96,97,98,99,100,101,102,103,104,105,106,107,110",
                        "startColumns": "4,4,4,4,4,4,4,4,4,4,4,4,4,4,4,4,4,4,4,4,4,4,4,4,4,4,4,4,4,4,4,4,4,4,4,4,4,4,4,4,4,4,4,4,4,4,4,4,4,4,4,4,4,4,4",
                        "startOffsets": "105,3123,3207,3308,3427,6089,6152,6243,6312,6379,6479,6544,6605,6673,6735,6793,6907,6967,7028,7085,7158,7281,7362,7442,7560,7641,7722,7811,7878,7944,8022,8102,8186,8258,8332,8405,8475,8566,8637,8727,8822,8896,8979,9072,9121,9190,9276,9361,9423,9487,9550,9659,9751,9848,10162",
                        "endLines": "9,37,38,39,40,59,60,61,62,63,64,65,66,67,68,69,70,71,72,73,74,75,76,77,78,79,80,81,82,83,84,85,86,87,88,89,90,91,92,93,94,95,96,97,98,99,100,101,102,103,104,105,106,107,110",
                        "endColumns": "12,83,100,118,76,62,90,68,66,99,64,60,67,61,57,113,59,60,56,72,122,80,79,117,80,80,88,66,65,77,79,83,71,73,72,69,90,70,89,94,73,82,92,48,68,85,84,61,63,62,108,91,96,92,79",
                        "endOffsets": "465,3202,3303,3422,3499,6147,6238,6307,6374,6474,6539,6600,6668,6730,6788,6902,6962,7023,7080,7153,7276,7357,7437,7555,7636,7717,7806,7873,7939,8017,8097,8181,8253,8327,8400,8470,8561,8632,8722,8817,8891,8974,9067,9116,9185,9271,9356,9418,9482,9545,9654,9746,9843,9936,10237"
                    }
                },
                {
                    "source": "/Users/sreeram-10645/.gradle/caches/transforms-2/files-2.1/80c0bace7931a1d0598ee7c9ea4f6198/jetified-play-services-basement-17.1.0/res/values-ar/values.xml",
                    "from": {
                        "startLines": "4",
                        "startColumns": "0",
                        "startOffsets": "247",
                        "endColumns": "188",
                        "endOffsets": "435"
                    },
                    "to": {
                        "startLines": "49",
                        "startColumns": "4",
                        "startOffsets": "4616",
                        "endColumns": "188",
                        "endOffsets": "4800"
                    }
                },
                {
                    "source": "/Users/sreeram-10645/.gradle/caches/transforms-2/files-2.1/0fb1a06253dd1fd4daeeafdcd1f6a104/navigation-ui-2.3.4/res/values-ar/values-ar.xml",
                    "from": {
                        "startLines": "2,3",
                        "startColumns": "4,4",
                        "startOffsets": "55,165",
                        "endColumns": "109,110",
                        "endOffsets": "160,271"
                    },
                    "to": {
                        "startLines": "108,109",
                        "startColumns": "4,4",
                        "startOffsets": "9941,10051",
                        "endColumns": "109,110",
                        "endOffsets": "10046,10157"
                    }
                },
                {
                    "source": "/Users/sreeram-10645/.gradle/caches/transforms-2/files-2.1/e8c2e83920589a500fed0d2556b72027/appcompat-1.3.1/res/values-ar/values-ar.xml",
                    "from": {
                        "startLines": "2,3,4,5,6,7,8,9,10,11,12,13,14,15,16,17,18,19,20,21,22,23,24,25,26,27,28,29",
                        "startColumns": "4,4,4,4,4,4,4,4,4,4,4,4,4,4,4,4,4,4,4,4,4,4,4,4,4,4,4,4",
                        "startOffsets": "105,213,317,424,506,607,721,801,879,970,1063,1155,1249,1349,1442,1537,1630,1721,1815,1894,1999,2097,2195,2303,2403,2506,2661,2758",
                        "endColumns": "107,103,106,81,100,113,79,77,90,92,91,93,99,92,94,92,90,93,78,104,97,97,107,99,102,154,96,81",
                        "endOffsets": "208,312,419,501,602,716,796,874,965,1058,1150,1244,1344,1437,1532,1625,1716,1810,1889,1994,2092,2190,2298,2398,2501,2656,2753,2835"
                    },
                    "to": {
                        "startLines": "10,11,12,13,14,15,16,17,18,19,20,21,22,23,24,25,26,27,28,29,30,31,32,33,34,35,36,111",
                        "startColumns": "4,4,4,4,4,4,4,4,4,4,4,4,4,4,4,4,4,4,4,4,4,4,4,4,4,4,4,4",
                        "startOffsets": "470,578,682,789,871,972,1086,1166,1244,1335,1428,1520,1614,1714,1807,1902,1995,2086,2180,2259,2364,2462,2560,2668,2768,2871,3026,10242",
                        "endColumns": "107,103,106,81,100,113,79,77,90,92,91,93,99,92,94,92,90,93,78,104,97,97,107,99,102,154,96,81",
                        "endOffsets": "573,677,784,866,967,1081,1161,1239,1330,1423,1515,1609,1709,1802,1897,1990,2081,2175,2254,2359,2457,2555,2663,2763,2866,3021,3118,10319"
                    }
                },
                {
                    "source": "/Users/sreeram-10645/.gradle/caches/transforms-2/files-2.1/b4f07f32e4554f54f8ae4a9ce2b5d984/jetified-play-services-base-17.1.0/res/values-ar/values.xml",
                    "from": {
                        "startLines": "4,5,6,7,8,9,10,11,12,13,14,15,16,17,18,19,20",
                        "startColumns": "0,0,0,0,0,0,0,0,0,0,0,0,0,0,0,0,0",
                        "startOffsets": "245,347,523,643,746,943,1069,1206,1333,1529,1631,1812,1932,2130,2302,2392,2484",
                        "endColumns": "101,175,119,102,196,125,136,126,195,101,180,119,197,171,89,91,108",
                        "endOffsets": "346,522,642,745,942,1068,1205,1332,1528,1630,1811,1931,2129,2301,2391,2483,2592"
                    },
                    "to": {
                        "startLines": "41,42,43,44,45,46,47,48,50,51,52,53,54,55,56,57,58",
                        "startColumns": "4,4,4,4,4,4,4,4,4,4,4,4,4,4,4,4,4",
                        "startOffsets": "3504,3610,3786,3910,4017,4214,4344,4485,4805,5001,5107,5288,5412,5610,5786,5880,5976",
                        "endColumns": "105,175,123,106,196,129,140,130,195,105,180,123,197,175,93,95,112",
                        "endOffsets": "3605,3781,3905,4012,4209,4339,4480,4611,4996,5102,5283,5407,5605,5781,5875,5971,6084"
                    }
                }
            ]
        }
    ]
}