{
    "logs": [
        {
            "outputFile": "/Users/sreeram-10645/Desktop/BookCave/app/build/intermediates/incremental/mergeDebugResources/merged.dir/values-af/values-af.xml",
            "map": [
                {
                    "source": "/Users/sreeram-10645/.gradle/caches/transforms-2/files-2.1/0fb1a06253dd1fd4daeeafdcd1f6a104/navigation-ui-2.3.4/res/values-af/values-af.xml",
                    "from": {
                        "startLines": "2,3",
                        "startColumns": "4,4",
                        "startOffsets": "55,157",
                        "endColumns": "101,116",
                        "endOffsets": "152,269"
                    },
                    "to": {
                        "startLines": "104,105",
                        "startColumns": "4,4",
                        "startOffsets": "9814,9916",
                        "endColumns": "101,116",
                        "endOffsets": "9911,10028"
                    }
                },
                {
                    "source": "/Users/sreeram-10645/.gradle/caches/transforms-2/files-2.1/3ec4a919a4a852817eb0bd6abe47cd00/core-1.5.0/res/values-af/values-af.xml",
                    "from": {
                        "startLines": "2",
                        "startColumns": "4",
                        "startOffsets": "55",
                        "endColumns": "100",
                        "endOffsets": "151"
                    },
                    "to": {
                        "startLines": "108",
                        "startColumns": "4",
                        "startOffsets": "10191",
                        "endColumns": "100",
                        "endOffsets": "10287"
                    }
                },
                {
                    "source": "/Users/sreeram-10645/.gradle/caches/transforms-2/files-2.1/18bb10d02c50c1d885e21793df22f358/material-1.4.0-alpha01/res/values-af/values-af.xml",
                    "from": {
                        "startLines": "2,6,7,8,9,10,11,12,13,14,15,16,17,18,19,20,21,22,23,24,25,26,27,28,29,30,31,32,33,34,35,36,37,38,39,40,41,42,43,44,45,46,47,48,49,50,51,52,53,54,55,56,57,58,59",
                        "startColumns": "4,4,4,4,4,4,4,4,4,4,4,4,4,4,4,4,4,4,4,4,4,4,4,4,4,4,4,4,4,4,4,4,4,4,4,4,4,4,4,4,4,4,4,4,4,4,4,4,4,4,4,4,4,4,4",
                        "startOffsets": "55,229,307,407,521,602,666,754,820,883,969,1030,1088,1154,1217,1272,1390,1447,1509,1564,1633,1752,1840,1923,2032,2115,2196,2283,2350,2416,2485,2561,2647,2721,2800,2873,2944,3031,3102,3191,3281,3353,3428,3515,3566,3633,3714,3798,3860,3924,3987,4091,4200,4296,4407",
                        "endLines": "5,6,7,8,9,10,11,12,13,14,15,16,17,18,19,20,21,22,23,24,25,26,27,28,29,30,31,32,33,34,35,36,37,38,39,40,41,42,43,44,45,46,47,48,49,50,51,52,53,54,55,56,57,58,59",
                        "endColumns": "12,77,99,113,80,63,87,65,62,85,60,57,65,62,54,117,56,61,54,68,118,87,82,108,82,80,86,66,65,68,75,85,73,78,72,70,86,70,88,89,71,74,86,50,66,80,83,61,63,62,103,108,95,110,76",
                        "endOffsets": "224,302,402,516,597,661,749,815,878,964,1025,1083,1149,1212,1267,1385,1442,1504,1559,1628,1747,1835,1918,2027,2110,2191,2278,2345,2411,2480,2556,2642,2716,2795,2868,2939,3026,3097,3186,3276,3348,3423,3510,3561,3628,3709,3793,3855,3919,3982,4086,4195,4291,4402,4479"
                    },
                    "to": {
                        "startLines": "2,33,34,35,36,55,56,57,58,59,60,61,62,63,64,65,66,67,68,69,70,71,72,73,74,75,76,77,78,79,80,81,82,83,84,85,86,87,88,89,90,91,92,93,94,95,96,97,98,99,100,101,102,103,106",
                        "startColumns": "4,4,4,4,4,4,4,4,4,4,4,4,4,4,4,4,4,4,4,4,4,4,4,4,4,4,4,4,4,4,4,4,4,4,4,4,4,4,4,4,4,4,4,4,4,4,4,4,4,4,4,4,4,4,4",
                        "startOffsets": "105,2951,3029,3129,3243,6009,6073,6161,6227,6290,6376,6437,6495,6561,6624,6679,6797,6854,6916,6971,7040,7159,7247,7330,7439,7522,7603,7690,7757,7823,7892,7968,8054,8128,8207,8280,8351,8438,8509,8598,8688,8760,8835,8922,8973,9040,9121,9205,9267,9331,9394,9498,9607,9703,10033",
                        "endLines": "5,33,34,35,36,55,56,57,58,59,60,61,62,63,64,65,66,67,68,69,70,71,72,73,74,75,76,77,78,79,80,81,82,83,84,85,86,87,88,89,90,91,92,93,94,95,96,97,98,99,100,101,102,103,106",
                        "endColumns": "12,77,99,113,80,63,87,65,62,85,60,57,65,62,54,117,56,61,54,68,118,87,82,108,82,80,86,66,65,68,75,85,73,78,72,70,86,70,88,89,71,74,86,50,66,80,83,61,63,62,103,108,95,110,76",
                        "endOffsets": "274,3024,3124,3238,3319,6068,6156,6222,6285,6371,6432,6490,6556,6619,6674,6792,6849,6911,6966,7035,7154,7242,7325,7434,7517,7598,7685,7752,7818,7887,7963,8049,8123,8202,8275,8346,8433,8504,8593,8683,8755,8830,8917,8968,9035,9116,9200,9262,9326,9389,9493,9602,9698,9809,10105"
                    }
                },
                {
                    "source": "/Users/sreeram-10645/.gradle/caches/transforms-2/files-2.1/80c0bace7931a1d0598ee7c9ea4f6198/jetified-play-services-basement-17.1.0/res/values-af/values.xml",
                    "from": {
                        "startLines": "4",
                        "startColumns": "0",
                        "startOffsets": "247",
                        "endColumns": "201",
                        "endOffsets": "448"
                    },
                    "to": {
                        "startLines": "45",
                        "startColumns": "4",
                        "startOffsets": "4476",
                        "endColumns": "201",
                        "endOffsets": "4673"
                    }
                },
                {
                    "source": "/Users/sreeram-10645/.gradle/caches/transforms-2/files-2.1/e8c2e83920589a500fed0d2556b72027/appcompat-1.3.1/res/values-af/values-af.xml",
                    "from": {
                        "startLines": "2,3,4,5,6,7,8,9,10,11,12,13,14,15,16,17,18,19,20,21,22,23,24,25,26,27,28,29",
                        "startColumns": "4,4,4,4,4,4,4,4,4,4,4,4,4,4,4,4,4,4,4,4,4,4,4,4,4,4,4,4",
                        "startOffsets": "105,213,309,415,500,603,721,798,874,965,1058,1153,1247,1346,1439,1534,1633,1728,1822,1903,2010,2115,2212,2320,2423,2525,2679,2777",
                        "endColumns": "107,95,105,84,102,117,76,75,90,92,94,93,98,92,94,98,94,93,80,106,104,96,107,102,101,153,97,80",
                        "endOffsets": "208,304,410,495,598,716,793,869,960,1053,1148,1242,1341,1434,1529,1628,1723,1817,1898,2005,2110,2207,2315,2418,2520,2674,2772,2853"
                    },
                    "to": {
                        "startLines": "6,7,8,9,10,11,12,13,14,15,16,17,18,19,20,21,22,23,24,25,26,27,28,29,30,31,32,107",
                        "startColumns": "4,4,4,4,4,4,4,4,4,4,4,4,4,4,4,4,4,4,4,4,4,4,4,4,4,4,4,4",
                        "startOffsets": "279,387,483,589,674,777,895,972,1048,1139,1232,1327,1421,1520,1613,1708,1807,1902,1996,2077,2184,2289,2386,2494,2597,2699,2853,10110",
                        "endColumns": "107,95,105,84,102,117,76,75,90,92,94,93,98,92,94,98,94,93,80,106,104,96,107,102,101,153,97,80",
                        "endOffsets": "382,478,584,669,772,890,967,1043,1134,1227,1322,1416,1515,1608,1703,1802,1897,1991,2072,2179,2284,2381,2489,2592,2694,2848,2946,10186"
                    }
                },
                {
                    "source": "/Users/sreeram-10645/.gradle/caches/transforms-2/files-2.1/b4f07f32e4554f54f8ae4a9ce2b5d984/jetified-play-services-base-17.1.0/res/values-af/values.xml",
                    "from": {
                        "startLines": "4,5,6,7,8,9,10,11,12,13,14,15,16,17,18,19,20",
                        "startColumns": "0,0,0,0,0,0,0,0,0,0,0,0,0,0,0,0,0",
                        "startOffsets": "245,350,538,662,770,979,1099,1246,1373,1598,1704,1892,2017,2215,2395,2487,2576",
                        "endColumns": "104,187,123,107,208,119,146,126,224,105,187,124,197,179,91,88,103",
                        "endOffsets": "349,537,661,769,978,1098,1245,1372,1597,1703,1891,2016,2214,2394,2486,2575,2679"
                    },
                    "to": {
                        "startLines": "37,38,39,40,41,42,43,44,46,47,48,49,50,51,52,53,54",
                        "startColumns": "4,4,4,4,4,4,4,4,4,4,4,4,4,4,4,4,4",
                        "startOffsets": "3324,3433,3621,3749,3861,4070,4194,4345,4678,4903,5013,5201,5330,5528,5712,5808,5901",
                        "endColumns": "108,187,127,111,208,123,150,130,224,109,187,128,197,183,95,92,107",
                        "endOffsets": "3428,3616,3744,3856,4065,4189,4340,4471,4898,5008,5196,5325,5523,5707,5803,5896,6004"
                    }
                }
            ]
        }
    ]
}