{
    "logs": [
        {
            "outputFile": "/Users/sreeram-10645/Desktop/BookCave/app/build/intermediates/incremental/mergeDebugResources/merged.dir/values-h480dp-land-v13/values-h480dp-land-v13.xml",
            "map": [
                {
                    "source": "/Users/sreeram-10645/.gradle/caches/transforms-2/files-2.1/18bb10d02c50c1d885e21793df22f358/material-1.4.0-alpha01/res/values-h480dp-land-v13/values-h480dp-land-v13.xml",
                    "from": {
                        "startLines": "2,3,4,5,6,7,8,9,10",
                        "startColumns": "4,4,4,4,4,4,4,4,4",
                        "startOffsets": "55,114,170,226,293,358,413,478,547",
                        "endColumns": "58,55,55,66,64,54,64,68,68",
                        "endOffsets": "109,165,221,288,353,408,473,542,611"
                    }
                }
            ]
        }
    ]
}