{
    "logs": [
        {
            "outputFile": "/Users/sreeram-10645/Desktop/BookCave/app/build/intermediates/incremental/mergeDebugResources/merged.dir/values-es-rUS/values-es-rUS.xml",
            "map": [
                {
                    "source": "/Users/sreeram-10645/.gradle/caches/transforms-2/files-2.1/0fb1a06253dd1fd4daeeafdcd1f6a104/navigation-ui-2.3.4/res/values-es-rUS/values-es-rUS.xml",
                    "from": {
                        "startLines": "2,3",
                        "startColumns": "4,4",
                        "startOffsets": "55,170",
                        "endColumns": "114,127",
                        "endOffsets": "165,293"
                    },
                    "to": {
                        "startLines": "104,105",
                        "startColumns": "4,4",
                        "startOffsets": "10162,10277",
                        "endColumns": "114,127",
                        "endOffsets": "10272,10400"
                    }
                },
                {
                    "source": "/Users/sreeram-10645/.gradle/caches/transforms-2/files-2.1/3ec4a919a4a852817eb0bd6abe47cd00/core-1.5.0/res/values-es-rUS/values-es-rUS.xml",
                    "from": {
                        "startLines": "2",
                        "startColumns": "4",
                        "startOffsets": "55",
                        "endColumns": "100",
                        "endOffsets": "151"
                    },
                    "to": {
                        "startLines": "108",
                        "startColumns": "4",
                        "startOffsets": "10571",
                        "endColumns": "100",
                        "endOffsets": "10667"
                    }
                },
                {
                    "source": "/Users/sreeram-10645/.gradle/caches/transforms-2/files-2.1/e8c2e83920589a500fed0d2556b72027/appcompat-1.3.1/res/values-es-rUS/values-es-rUS.xml",
                    "from": {
                        "startLines": "2,3,4,5,6,7,8,9,10,11,12,13,14,15,16,17,18,19,20,21,22,23,24,25,26,27,28,29",
                        "startColumns": "4,4,4,4,4,4,4,4,4,4,4,4,4,4,4,4,4,4,4,4,4,4,4,4,4,4,4,4",
                        "startOffsets": "105,225,334,442,527,629,745,830,910,1001,1094,1189,1283,1382,1475,1574,1670,1761,1852,1934,2041,2140,2239,2347,2455,2562,2721,2821",
                        "endColumns": "119,108,107,84,101,115,84,79,90,92,94,93,98,92,98,95,90,90,81,106,98,98,107,107,106,158,99,82",
                        "endOffsets": "220,329,437,522,624,740,825,905,996,1089,1184,1278,1377,1470,1569,1665,1756,1847,1929,2036,2135,2234,2342,2450,2557,2716,2816,2899"
                    },
                    "to": {
                        "startLines": "6,7,8,9,10,11,12,13,14,15,16,17,18,19,20,21,22,23,24,25,26,27,28,29,30,31,32,107",
                        "startColumns": "4,4,4,4,4,4,4,4,4,4,4,4,4,4,4,4,4,4,4,4,4,4,4,4,4,4,4,4",
                        "startOffsets": "283,403,512,620,705,807,923,1008,1088,1179,1272,1367,1461,1560,1653,1752,1848,1939,2030,2112,2219,2318,2417,2525,2633,2740,2899,10488",
                        "endColumns": "119,108,107,84,101,115,84,79,90,92,94,93,98,92,98,95,90,90,81,106,98,98,107,107,106,158,99,82",
                        "endOffsets": "398,507,615,700,802,918,1003,1083,1174,1267,1362,1456,1555,1648,1747,1843,1934,2025,2107,2214,2313,2412,2520,2628,2735,2894,2994,10566"
                    }
                },
                {
                    "source": "/Users/sreeram-10645/.gradle/caches/transforms-2/files-2.1/80c0bace7931a1d0598ee7c9ea4f6198/jetified-play-services-basement-17.1.0/res/values-es-rUS/values.xml",
                    "from": {
                        "startLines": "4",
                        "startColumns": "0",
                        "startOffsets": "251",
                        "endColumns": "204",
                        "endOffsets": "455"
                    },
                    "to": {
                        "startLines": "45",
                        "startColumns": "4",
                        "startOffsets": "4589",
                        "endColumns": "204",
                        "endOffsets": "4789"
                    }
                },
                {
                    "source": "/Users/sreeram-10645/.gradle/caches/transforms-2/files-2.1/18bb10d02c50c1d885e21793df22f358/material-1.4.0-alpha01/res/values-es-rUS/values-es-rUS.xml",
                    "from": {
                        "startLines": "2,6,7,8,9,10,11,12,13,14,15,16,17,18,19,20,21,22,23,24,25,26,27,28,29,30,31,32,33,34,35,36,37,38,39,40,41,42,43,44,45,46,47,48,49,50,51,52,53,54,55,56,57,58,59",
                        "startColumns": "4,4,4,4,4,4,4,4,4,4,4,4,4,4,4,4,4,4,4,4,4,4,4,4,4,4,4,4,4,4,4,4,4,4,4,4,4,4,4,4,4,4,4,4,4,4,4,4,4,4,4,4,4,4,4",
                        "startOffsets": "55,233,319,421,549,630,695,790,860,923,1016,1088,1151,1225,1289,1346,1464,1522,1584,1641,1721,1855,1944,2025,2136,2217,2297,2387,2454,2520,2596,2678,2766,2839,2916,2986,3063,3152,3226,3320,3422,3494,3575,3679,3732,3799,3892,3981,4043,4107,4170,4281,4378,4480,4578",
                        "endLines": "5,6,7,8,9,10,11,12,13,14,15,16,17,18,19,20,21,22,23,24,25,26,27,28,29,30,31,32,33,34,35,36,37,38,39,40,41,42,43,44,45,46,47,48,49,50,51,52,53,54,55,56,57,58,59",
                        "endColumns": "12,85,101,127,80,64,94,69,62,92,71,62,73,63,56,117,57,61,56,79,133,88,80,110,80,79,89,66,65,75,81,87,72,76,69,76,88,73,93,101,71,80,103,52,66,92,88,61,63,62,110,96,101,97,82",
                        "endOffsets": "228,314,416,544,625,690,785,855,918,1011,1083,1146,1220,1284,1341,1459,1517,1579,1636,1716,1850,1939,2020,2131,2212,2292,2382,2449,2515,2591,2673,2761,2834,2911,2981,3058,3147,3221,3315,3417,3489,3570,3674,3727,3794,3887,3976,4038,4102,4165,4276,4373,4475,4573,4656"
                    },
                    "to": {
                        "startLines": "2,33,34,35,36,55,56,57,58,59,60,61,62,63,64,65,66,67,68,69,70,71,72,73,74,75,76,77,78,79,80,81,82,83,84,85,86,87,88,89,90,91,92,93,94,95,96,97,98,99,100,101,102,103,106",
                        "startColumns": "4,4,4,4,4,4,4,4,4,4,4,4,4,4,4,4,4,4,4,4,4,4,4,4,4,4,4,4,4,4,4,4,4,4,4,4,4,4,4,4,4,4,4,4,4,4,4,4,4,4,4,4,4,4,4",
                        "startOffsets": "105,2999,3085,3187,3315,6214,6279,6374,6444,6507,6600,6672,6735,6809,6873,6930,7048,7106,7168,7225,7305,7439,7528,7609,7720,7801,7881,7971,8038,8104,8180,8262,8350,8423,8500,8570,8647,8736,8810,8904,9006,9078,9159,9263,9316,9383,9476,9565,9627,9691,9754,9865,9962,10064,10405",
                        "endLines": "5,33,34,35,36,55,56,57,58,59,60,61,62,63,64,65,66,67,68,69,70,71,72,73,74,75,76,77,78,79,80,81,82,83,84,85,86,87,88,89,90,91,92,93,94,95,96,97,98,99,100,101,102,103,106",
                        "endColumns": "12,85,101,127,80,64,94,69,62,92,71,62,73,63,56,117,57,61,56,79,133,88,80,110,80,79,89,66,65,75,81,87,72,76,69,76,88,73,93,101,71,80,103,52,66,92,88,61,63,62,110,96,101,97,82",
                        "endOffsets": "278,3080,3182,3310,3391,6274,6369,6439,6502,6595,6667,6730,6804,6868,6925,7043,7101,7163,7220,7300,7434,7523,7604,7715,7796,7876,7966,8033,8099,8175,8257,8345,8418,8495,8565,8642,8731,8805,8899,9001,9073,9154,9258,9311,9378,9471,9560,9622,9686,9749,9860,9957,10059,10157,10483"
                    }
                },
                {
                    "source": "/Users/sreeram-10645/.gradle/caches/transforms-2/files-2.1/b4f07f32e4554f54f8ae4a9ce2b5d984/jetified-play-services-base-17.1.0/res/values-es-rUS/values.xml",
                    "from": {
                        "startLines": "4,5,6,7,8,9,10,11,12,13,14,15,16,17,18,19,20",
                        "startColumns": "0,0,0,0,0,0,0,0,0,0,0,0,0,0,0,0,0",
                        "startOffsets": "249,355,553,683,789,1009,1138,1287,1418,1648,1755,1956,2087,2323,2527,2623,2711",
                        "endColumns": "105,197,129,105,219,128,148,130,229,106,200,130,235,203,95,87,102",
                        "endOffsets": "354,552,682,788,1008,1137,1286,1417,1647,1754,1955,2086,2322,2526,2622,2710,2813"
                    },
                    "to": {
                        "startLines": "37,38,39,40,41,42,43,44,46,47,48,49,50,51,52,53,54",
                        "startColumns": "4,4,4,4,4,4,4,4,4,4,4,4,4,4,4,4,4",
                        "startOffsets": "3396,3506,3704,3838,3948,4168,4301,4454,4794,5024,5135,5336,5471,5707,5915,6015,6107",
                        "endColumns": "109,197,133,109,219,132,152,134,229,110,200,134,235,207,99,91,106",
                        "endOffsets": "3501,3699,3833,3943,4163,4296,4449,4584,5019,5130,5331,5466,5702,5910,6010,6102,6209"
                    }
                }
            ]
        }
    ]
}