{
    "logs": [
        {
            "outputFile": "/Users/sreeram-10645/Desktop/BookCave/app/build/intermediates/incremental/mergeDebugResources/merged.dir/values-el/values-el.xml",
            "map": [
                {
                    "source": "/Users/sreeram-10645/.gradle/caches/transforms-2/files-2.1/e8c2e83920589a500fed0d2556b72027/appcompat-1.3.1/res/values-el/values-el.xml",
                    "from": {
                        "startLines": "2,3,4,5,6,7,8,9,10,11,12,13,14,15,16,17,18,19,20,21,22,23,24,25,26,27,28,29",
                        "startColumns": "4,4,4,4,4,4,4,4,4,4,4,4,4,4,4,4,4,4,4,4,4,4,4,4,4,4,4,4",
                        "startOffsets": "105,223,334,451,536,642,765,854,939,1030,1123,1218,1312,1412,1505,1600,1697,1788,1879,1964,2075,2184,2286,2397,2507,2615,2786,2886",
                        "endColumns": "117,110,116,84,105,122,88,84,90,92,94,93,99,92,94,96,90,90,84,110,108,101,110,109,107,170,99,85",
                        "endOffsets": "218,329,446,531,637,760,849,934,1025,1118,1213,1307,1407,1500,1595,1692,1783,1874,1959,2070,2179,2281,2392,2502,2610,2781,2881,2967"
                    },
                    "to": {
                        "startLines": "6,7,8,9,10,11,12,13,14,15,16,17,18,19,20,21,22,23,24,25,26,27,28,29,30,31,32,107",
                        "startColumns": "4,4,4,4,4,4,4,4,4,4,4,4,4,4,4,4,4,4,4,4,4,4,4,4,4,4,4,4",
                        "startOffsets": "275,393,504,621,706,812,935,1024,1109,1200,1293,1388,1482,1582,1675,1770,1867,1958,2049,2134,2245,2354,2456,2567,2677,2785,2956,10645",
                        "endColumns": "117,110,116,84,105,122,88,84,90,92,94,93,99,92,94,96,90,90,84,110,108,101,110,109,107,170,99,85",
                        "endOffsets": "388,499,616,701,807,930,1019,1104,1195,1288,1383,1477,1577,1670,1765,1862,1953,2044,2129,2240,2349,2451,2562,2672,2780,2951,3051,10726"
                    }
                },
                {
                    "source": "/Users/sreeram-10645/.gradle/caches/transforms-2/files-2.1/b4f07f32e4554f54f8ae4a9ce2b5d984/jetified-play-services-base-17.1.0/res/values-el/values.xml",
                    "from": {
                        "startLines": "4,5,6,7,8,9,10,11,12,13,14,15,16,17,18,19,20",
                        "startColumns": "0,0,0,0,0,0,0,0,0,0,0,0,0,0,0,0,0",
                        "startOffsets": "245,354,572,702,811,1051,1174,1318,1448,1696,1802,2003,2130,2367,2538,2633,2721",
                        "endColumns": "108,217,129,108,239,122,143,129,247,105,200,126,236,170,94,87,107",
                        "endOffsets": "353,571,701,810,1050,1173,1317,1447,1695,1801,2002,2129,2366,2537,2632,2720,2828"
                    },
                    "to": {
                        "startLines": "37,38,39,40,41,42,43,44,46,47,48,49,50,51,52,53,54",
                        "startColumns": "4,4,4,4,4,4,4,4,4,4,4,4,4,4,4,4,4",
                        "startOffsets": "3446,3559,3777,3911,4024,4264,4391,4539,4896,5144,5254,5455,5586,5823,5998,6097,6189",
                        "endColumns": "112,217,133,112,239,126,147,133,247,109,200,130,236,174,98,91,111",
                        "endOffsets": "3554,3772,3906,4019,4259,4386,4534,4668,5139,5249,5450,5581,5818,5993,6092,6184,6296"
                    }
                },
                {
                    "source": "/Users/sreeram-10645/.gradle/caches/transforms-2/files-2.1/80c0bace7931a1d0598ee7c9ea4f6198/jetified-play-services-basement-17.1.0/res/values-el/values.xml",
                    "from": {
                        "startLines": "4",
                        "startColumns": "0",
                        "startOffsets": "247",
                        "endColumns": "222",
                        "endOffsets": "469"
                    },
                    "to": {
                        "startLines": "45",
                        "startColumns": "4",
                        "startOffsets": "4673",
                        "endColumns": "222",
                        "endOffsets": "4891"
                    }
                },
                {
                    "source": "/Users/sreeram-10645/.gradle/caches/transforms-2/files-2.1/3ec4a919a4a852817eb0bd6abe47cd00/core-1.5.0/res/values-el/values-el.xml",
                    "from": {
                        "startLines": "2",
                        "startColumns": "4",
                        "startOffsets": "55",
                        "endColumns": "100",
                        "endOffsets": "151"
                    },
                    "to": {
                        "startLines": "108",
                        "startColumns": "4",
                        "startOffsets": "10731",
                        "endColumns": "100",
                        "endOffsets": "10827"
                    }
                },
                {
                    "source": "/Users/sreeram-10645/.gradle/caches/transforms-2/files-2.1/18bb10d02c50c1d885e21793df22f358/material-1.4.0-alpha01/res/values-el/values-el.xml",
                    "from": {
                        "startLines": "2,6,7,8,9,10,11,12,13,14,15,16,17,18,19,20,21,22,23,24,25,26,27,28,29,30,31,32,33,34,35,36,37,38,39,40,41,42,43,44,45,46,47,48,49,50,51,52,53,54,55,56,57,58,59",
                        "startColumns": "4,4,4,4,4,4,4,4,4,4,4,4,4,4,4,4,4,4,4,4,4,4,4,4,4,4,4,4,4,4,4,4,4,4,4,4,4,4,4,4,4,4,4,4,4,4,4,4,4,4,4,4,4,4,4",
                        "startOffsets": "55,225,310,412,529,615,681,781,863,926,1017,1082,1144,1213,1275,1329,1467,1524,1585,1639,1712,1865,1950,2034,2143,2224,2309,2399,2466,2532,2610,2695,2780,2852,2932,3012,3083,3175,3247,3344,3441,3515,3589,3691,3747,3819,3907,3999,4061,4125,4188,4304,4412,4521,4629",
                        "endLines": "5,6,7,8,9,10,11,12,13,14,15,16,17,18,19,20,21,22,23,24,25,26,27,28,29,30,31,32,33,34,35,36,37,38,39,40,41,42,43,44,45,46,47,48,49,50,51,52,53,54,55,56,57,58,59",
                        "endColumns": "12,84,101,116,85,65,99,81,62,90,64,61,68,61,53,137,56,60,53,72,152,84,83,108,80,84,89,66,65,77,84,84,71,79,79,70,91,71,96,96,73,73,101,55,71,87,91,61,63,62,115,107,108,107,90",
                        "endOffsets": "220,305,407,524,610,676,776,858,921,1012,1077,1139,1208,1270,1324,1462,1519,1580,1634,1707,1860,1945,2029,2138,2219,2304,2394,2461,2527,2605,2690,2775,2847,2927,3007,3078,3170,3242,3339,3436,3510,3584,3686,3742,3814,3902,3994,4056,4120,4183,4299,4407,4516,4624,4715"
                    },
                    "to": {
                        "startLines": "2,33,34,35,36,55,56,57,58,59,60,61,62,63,64,65,66,67,68,69,70,71,72,73,74,75,76,77,78,79,80,81,82,83,84,85,86,87,88,89,90,91,92,93,94,95,96,97,98,99,100,101,102,103,106",
                        "startColumns": "4,4,4,4,4,4,4,4,4,4,4,4,4,4,4,4,4,4,4,4,4,4,4,4,4,4,4,4,4,4,4,4,4,4,4,4,4,4,4,4,4,4,4,4,4,4,4,4,4,4,4,4,4,4,4",
                        "startOffsets": "105,3056,3141,3243,3360,6301,6367,6467,6549,6612,6703,6768,6830,6899,6961,7015,7153,7210,7271,7325,7398,7551,7636,7720,7829,7910,7995,8085,8152,8218,8296,8381,8466,8538,8618,8698,8769,8861,8933,9030,9127,9201,9275,9377,9433,9505,9593,9685,9747,9811,9874,9990,10098,10207,10554",
                        "endLines": "5,33,34,35,36,55,56,57,58,59,60,61,62,63,64,65,66,67,68,69,70,71,72,73,74,75,76,77,78,79,80,81,82,83,84,85,86,87,88,89,90,91,92,93,94,95,96,97,98,99,100,101,102,103,106",
                        "endColumns": "12,84,101,116,85,65,99,81,62,90,64,61,68,61,53,137,56,60,53,72,152,84,83,108,80,84,89,66,65,77,84,84,71,79,79,70,91,71,96,96,73,73,101,55,71,87,91,61,63,62,115,107,108,107,90",
                        "endOffsets": "270,3136,3238,3355,3441,6362,6462,6544,6607,6698,6763,6825,6894,6956,7010,7148,7205,7266,7320,7393,7546,7631,7715,7824,7905,7990,8080,8147,8213,8291,8376,8461,8533,8613,8693,8764,8856,8928,9025,9122,9196,9270,9372,9428,9500,9588,9680,9742,9806,9869,9985,10093,10202,10310,10640"
                    }
                },
                {
                    "source": "/Users/sreeram-10645/.gradle/caches/transforms-2/files-2.1/0fb1a06253dd1fd4daeeafdcd1f6a104/navigation-ui-2.3.4/res/values-el/values-el.xml",
                    "from": {
                        "startLines": "2,3",
                        "startColumns": "4,4",
                        "startOffsets": "55,172",
                        "endColumns": "116,121",
                        "endOffsets": "167,289"
                    },
                    "to": {
                        "startLines": "104,105",
                        "startColumns": "4,4",
                        "startOffsets": "10315,10432",
                        "endColumns": "116,121",
                        "endOffsets": "10427,10549"
                    }
                }
            ]
        }
    ]
}