{
    "logs": [
        {
            "outputFile": "/Users/sreeram-10645/Desktop/BookCave/app/build/intermediates/incremental/mergeDebugResources/merged.dir/values-mn/values-mn.xml",
            "map": [
                {
                    "source": "/Users/sreeram-10645/.gradle/caches/transforms-2/files-2.1/b4f07f32e4554f54f8ae4a9ce2b5d984/jetified-play-services-base-17.1.0/res/values-mn/values.xml",
                    "from": {
                        "startLines": "4,5,6,7,8,9,10,11,12,13,14,15,16,17,18,19,20",
                        "startColumns": "0,0,0,0,0,0,0,0,0,0,0,0,0,0,0,0,0",
                        "startOffsets": "245,353,542,672,777,973,1097,1252,1387,1590,1695,1894,2021,2221,2415,2502,2590",
                        "endColumns": "107,188,129,104,195,123,154,134,202,104,198,126,199,193,86,87,101",
                        "endOffsets": "352,541,671,776,972,1096,1251,1386,1589,1694,1893,2020,2220,2414,2501,2589,2691"
                    },
                    "to": {
                        "startLines": "37,38,39,40,41,42,43,44,46,47,48,49,50,51,52,53,54",
                        "startColumns": "4,4,4,4,4,4,4,4,4,4,4,4,4,4,4,4,4",
                        "startOffsets": "3343,3455,3644,3778,3887,4083,4211,4370,4718,4921,5030,5229,5360,5560,5758,5849,5941",
                        "endColumns": "111,188,133,108,195,127,158,138,202,108,198,130,199,197,90,91,105",
                        "endOffsets": "3450,3639,3773,3882,4078,4206,4365,4504,4916,5025,5224,5355,5555,5753,5844,5936,6042"
                    }
                },
                {
                    "source": "/Users/sreeram-10645/.gradle/caches/transforms-2/files-2.1/80c0bace7931a1d0598ee7c9ea4f6198/jetified-play-services-basement-17.1.0/res/values-mn/values.xml",
                    "from": {
                        "startLines": "4",
                        "startColumns": "0",
                        "startOffsets": "247",
                        "endColumns": "208",
                        "endOffsets": "455"
                    },
                    "to": {
                        "startLines": "45",
                        "startColumns": "4",
                        "startOffsets": "4509",
                        "endColumns": "208",
                        "endOffsets": "4713"
                    }
                },
                {
                    "source": "/Users/sreeram-10645/.gradle/caches/transforms-2/files-2.1/0fb1a06253dd1fd4daeeafdcd1f6a104/navigation-ui-2.3.4/res/values-mn/values-mn.xml",
                    "from": {
                        "startLines": "2,3",
                        "startColumns": "4,4",
                        "startOffsets": "55,161",
                        "endColumns": "105,120",
                        "endOffsets": "156,277"
                    },
                    "to": {
                        "startLines": "104,105",
                        "startColumns": "4,4",
                        "startOffsets": "9928,10034",
                        "endColumns": "105,120",
                        "endOffsets": "10029,10150"
                    }
                },
                {
                    "source": "/Users/sreeram-10645/.gradle/caches/transforms-2/files-2.1/3ec4a919a4a852817eb0bd6abe47cd00/core-1.5.0/res/values-mn/values-mn.xml",
                    "from": {
                        "startLines": "2",
                        "startColumns": "4",
                        "startOffsets": "55",
                        "endColumns": "100",
                        "endOffsets": "151"
                    },
                    "to": {
                        "startLines": "108",
                        "startColumns": "4",
                        "startOffsets": "10320",
                        "endColumns": "100",
                        "endOffsets": "10416"
                    }
                },
                {
                    "source": "/Users/sreeram-10645/.gradle/caches/transforms-2/files-2.1/18bb10d02c50c1d885e21793df22f358/material-1.4.0-alpha01/res/values-mn/values-mn.xml",
                    "from": {
                        "startLines": "2,6,7,8,9,10,11,12,13,14,15,16,17,18,19,20,21,22,23,24,25,26,27,28,29,30,31,32,33,34,35,36,37,38,39,40,41,42,43,44,45,46,47,48,49,50,51,52,53,54,55,56,57,58,59",
                        "startColumns": "4,4,4,4,4,4,4,4,4,4,4,4,4,4,4,4,4,4,4,4,4,4,4,4,4,4,4,4,4,4,4,4,4,4,4,4,4,4,4,4,4,4,4,4,4,4,4,4,4,4,4,4,4,4,4",
                        "startOffsets": "55,220,299,397,516,601,666,764,845,904,997,1060,1118,1189,1251,1305,1426,1483,1544,1598,1669,1802,1886,1969,2072,2154,2232,2322,2389,2455,2526,2604,2690,2765,2843,2923,3006,3094,3173,3263,3356,3430,3500,3591,3645,3712,3796,3881,3943,4007,4070,4174,4280,4377,4482",
                        "endLines": "5,6,7,8,9,10,11,12,13,14,15,16,17,18,19,20,21,22,23,24,25,26,27,28,29,30,31,32,33,34,35,36,37,38,39,40,41,42,43,44,45,46,47,48,49,50,51,52,53,54,55,56,57,58,59",
                        "endColumns": "12,78,97,118,84,64,97,80,58,92,62,57,70,61,53,120,56,60,53,70,132,83,82,102,81,77,89,66,65,70,77,85,74,77,79,82,87,78,89,92,73,69,90,53,66,83,84,61,63,62,103,105,96,104,83",
                        "endOffsets": "215,294,392,511,596,661,759,840,899,992,1055,1113,1184,1246,1300,1421,1478,1539,1593,1664,1797,1881,1964,2067,2149,2227,2317,2384,2450,2521,2599,2685,2760,2838,2918,3001,3089,3168,3258,3351,3425,3495,3586,3640,3707,3791,3876,3938,4002,4065,4169,4275,4372,4477,4561"
                    },
                    "to": {
                        "startLines": "2,33,34,35,36,55,56,57,58,59,60,61,62,63,64,65,66,67,68,69,70,71,72,73,74,75,76,77,78,79,80,81,82,83,84,85,86,87,88,89,90,91,92,93,94,95,96,97,98,99,100,101,102,103,106",
                        "startColumns": "4,4,4,4,4,4,4,4,4,4,4,4,4,4,4,4,4,4,4,4,4,4,4,4,4,4,4,4,4,4,4,4,4,4,4,4,4,4,4,4,4,4,4,4,4,4,4,4,4,4,4,4,4,4,4",
                        "startOffsets": "105,2962,3041,3139,3258,6047,6112,6210,6291,6350,6443,6506,6564,6635,6697,6751,6872,6929,6990,7044,7115,7248,7332,7415,7518,7600,7678,7768,7835,7901,7972,8050,8136,8211,8289,8369,8452,8540,8619,8709,8802,8876,8946,9037,9091,9158,9242,9327,9389,9453,9516,9620,9726,9823,10155",
                        "endLines": "5,33,34,35,36,55,56,57,58,59,60,61,62,63,64,65,66,67,68,69,70,71,72,73,74,75,76,77,78,79,80,81,82,83,84,85,86,87,88,89,90,91,92,93,94,95,96,97,98,99,100,101,102,103,106",
                        "endColumns": "12,78,97,118,84,64,97,80,58,92,62,57,70,61,53,120,56,60,53,70,132,83,82,102,81,77,89,66,65,70,77,85,74,77,79,82,87,78,89,92,73,69,90,53,66,83,84,61,63,62,103,105,96,104,83",
                        "endOffsets": "265,3036,3134,3253,3338,6107,6205,6286,6345,6438,6501,6559,6630,6692,6746,6867,6924,6985,7039,7110,7243,7327,7410,7513,7595,7673,7763,7830,7896,7967,8045,8131,8206,8284,8364,8447,8535,8614,8704,8797,8871,8941,9032,9086,9153,9237,9322,9384,9448,9511,9615,9721,9818,9923,10234"
                    }
                },
                {
                    "source": "/Users/sreeram-10645/.gradle/caches/transforms-2/files-2.1/e8c2e83920589a500fed0d2556b72027/appcompat-1.3.1/res/values-mn/values-mn.xml",
                    "from": {
                        "startLines": "2,3,4,5,6,7,8,9,10,11,12,13,14,15,16,17,18,19,20,21,22,23,24,25,26,27,28,29",
                        "startColumns": "4,4,4,4,4,4,4,4,4,4,4,4,4,4,4,4,4,4,4,4,4,4,4,4,4,4,4,4",
                        "startOffsets": "105,219,319,428,514,620,734,817,898,989,1082,1177,1273,1370,1463,1557,1649,1740,1830,1910,2017,2120,2217,2324,2426,2539,2698,2797",
                        "endColumns": "113,99,108,85,105,113,82,80,90,92,94,95,96,92,93,91,90,89,79,106,102,96,106,101,112,158,98,80",
                        "endOffsets": "214,314,423,509,615,729,812,893,984,1077,1172,1268,1365,1458,1552,1644,1735,1825,1905,2012,2115,2212,2319,2421,2534,2693,2792,2873"
                    },
                    "to": {
                        "startLines": "6,7,8,9,10,11,12,13,14,15,16,17,18,19,20,21,22,23,24,25,26,27,28,29,30,31,32,107",
                        "startColumns": "4,4,4,4,4,4,4,4,4,4,4,4,4,4,4,4,4,4,4,4,4,4,4,4,4,4,4,4",
                        "startOffsets": "270,384,484,593,679,785,899,982,1063,1154,1247,1342,1438,1535,1628,1722,1814,1905,1995,2075,2182,2285,2382,2489,2591,2704,2863,10239",
                        "endColumns": "113,99,108,85,105,113,82,80,90,92,94,95,96,92,93,91,90,89,79,106,102,96,106,101,112,158,98,80",
                        "endOffsets": "379,479,588,674,780,894,977,1058,1149,1242,1337,1433,1530,1623,1717,1809,1900,1990,2070,2177,2280,2377,2484,2586,2699,2858,2957,10315"
                    }
                }
            ]
        }
    ]
}