{
    "logs": [
        {
            "outputFile": "/Users/sreeram-10645/Desktop/BookCave/app/build/intermediates/incremental/mergeDebugResources/merged.dir/values-kk/values-kk.xml",
            "map": [
                {
                    "source": "/Users/sreeram-10645/.gradle/caches/transforms-2/files-2.1/3ec4a919a4a852817eb0bd6abe47cd00/core-1.5.0/res/values-kk/values-kk.xml",
                    "from": {
                        "startLines": "2",
                        "startColumns": "4",
                        "startOffsets": "55",
                        "endColumns": "100",
                        "endOffsets": "151"
                    },
                    "to": {
                        "startLines": "108",
                        "startColumns": "4",
                        "startOffsets": "10285",
                        "endColumns": "100",
                        "endOffsets": "10381"
                    }
                },
                {
                    "source": "/Users/sreeram-10645/.gradle/caches/transforms-2/files-2.1/0fb1a06253dd1fd4daeeafdcd1f6a104/navigation-ui-2.3.4/res/values-kk/values-kk.xml",
                    "from": {
                        "startLines": "2,3",
                        "startColumns": "4,4",
                        "startOffsets": "55,168",
                        "endColumns": "112,117",
                        "endOffsets": "163,281"
                    },
                    "to": {
                        "startLines": "104,105",
                        "startColumns": "4,4",
                        "startOffsets": "9888,10001",
                        "endColumns": "112,117",
                        "endOffsets": "9996,10114"
                    }
                },
                {
                    "source": "/Users/sreeram-10645/.gradle/caches/transforms-2/files-2.1/b4f07f32e4554f54f8ae4a9ce2b5d984/jetified-play-services-base-17.1.0/res/values-kk/values.xml",
                    "from": {
                        "startLines": "4,5,6,7,8,9,10,11,12,13,14,15,16,17,18,19,20",
                        "startColumns": "0,0,0,0,0,0,0,0,0,0,0,0,0,0,0,0,0",
                        "startOffsets": "245,346,531,655,759,958,1082,1231,1365,1589,1693,1881,2008,2220,2403,2492,2577",
                        "endColumns": "100,184,123,103,198,123,148,133,223,103,187,126,211,182,88,84,102",
                        "endOffsets": "345,530,654,758,957,1081,1230,1364,1588,1692,1880,2007,2219,2402,2491,2576,2679"
                    },
                    "to": {
                        "startLines": "37,38,39,40,41,42,43,44,46,47,48,49,50,51,52,53,54",
                        "startColumns": "4,4,4,4,4,4,4,4,4,4,4,4,4,4,4,4,4",
                        "startOffsets": "3334,3439,3624,3752,3860,4059,4187,4340,4701,4925,5033,5221,5352,5564,5751,5844,5933",
                        "endColumns": "104,184,127,107,198,127,152,137,223,107,187,130,211,186,92,88,106",
                        "endOffsets": "3434,3619,3747,3855,4054,4182,4335,4473,4920,5028,5216,5347,5559,5746,5839,5928,6035"
                    }
                },
                {
                    "source": "/Users/sreeram-10645/.gradle/caches/transforms-2/files-2.1/e8c2e83920589a500fed0d2556b72027/appcompat-1.3.1/res/values-kk/values-kk.xml",
                    "from": {
                        "startLines": "2,3,4,5,6,7,8,9,10,11,12,13,14,15,16,17,18,19,20,21,22,23,24,25,26,27,28,29",
                        "startColumns": "4,4,4,4,4,4,4,4,4,4,4,4,4,4,4,4,4,4,4,4,4,4,4,4,4,4,4,4",
                        "startOffsets": "105,213,318,428,513,619,738,818,895,986,1079,1174,1268,1368,1461,1556,1653,1744,1835,1916,2021,2124,2222,2329,2435,2535,2701,2796",
                        "endColumns": "107,104,109,84,105,118,79,76,90,92,94,93,99,92,94,96,90,90,80,104,102,97,106,105,99,165,94,81",
                        "endOffsets": "208,313,423,508,614,733,813,890,981,1074,1169,1263,1363,1456,1551,1648,1739,1830,1911,2016,2119,2217,2324,2430,2530,2696,2791,2873"
                    },
                    "to": {
                        "startLines": "6,7,8,9,10,11,12,13,14,15,16,17,18,19,20,21,22,23,24,25,26,27,28,29,30,31,32,107",
                        "startColumns": "4,4,4,4,4,4,4,4,4,4,4,4,4,4,4,4,4,4,4,4,4,4,4,4,4,4,4,4",
                        "startOffsets": "278,386,491,601,686,792,911,991,1068,1159,1252,1347,1441,1541,1634,1729,1826,1917,2008,2089,2194,2297,2395,2502,2608,2708,2874,10203",
                        "endColumns": "107,104,109,84,105,118,79,76,90,92,94,93,99,92,94,96,90,90,80,104,102,97,106,105,99,165,94,81",
                        "endOffsets": "381,486,596,681,787,906,986,1063,1154,1247,1342,1436,1536,1629,1724,1821,1912,2003,2084,2189,2292,2390,2497,2603,2703,2869,2964,10280"
                    }
                },
                {
                    "source": "/Users/sreeram-10645/.gradle/caches/transforms-2/files-2.1/18bb10d02c50c1d885e21793df22f358/material-1.4.0-alpha01/res/values-kk/values-kk.xml",
                    "from": {
                        "startLines": "2,6,7,8,9,10,11,12,13,14,15,16,17,18,19,20,21,22,23,24,25,26,27,28,29,30,31,32,33,34,35,36,37,38,39,40,41,42,43,44,45,46,47,48,49,50,51,52,53,54,55,56,57,58,59",
                        "startColumns": "4,4,4,4,4,4,4,4,4,4,4,4,4,4,4,4,4,4,4,4,4,4,4,4,4,4,4,4,4,4,4,4,4,4,4,4,4,4,4,4,4,4,4,4,4,4,4,4,4,4,4,4,4,4,4",
                        "startOffsets": "55,228,307,399,511,593,657,752,822,885,992,1059,1120,1187,1249,1303,1417,1476,1537,1591,1666,1792,1880,1969,2081,2153,2226,2315,2382,2448,2519,2596,2682,2754,2830,2911,2981,3068,3140,3231,3324,3398,3473,3565,3617,3683,3767,3853,3915,3979,4042,4146,4246,4340,4441",
                        "endLines": "5,6,7,8,9,10,11,12,13,14,15,16,17,18,19,20,21,22,23,24,25,26,27,28,29,30,31,32,33,34,35,36,37,38,39,40,41,42,43,44,45,46,47,48,49,50,51,52,53,54,55,56,57,58,59",
                        "endColumns": "12,78,91,111,81,63,94,69,62,106,66,60,66,61,53,113,58,60,53,74,125,87,88,111,71,72,88,66,65,70,76,85,71,75,80,69,86,71,90,92,73,74,91,51,65,83,85,61,63,62,103,99,93,100,83",
                        "endOffsets": "223,302,394,506,588,652,747,817,880,987,1054,1115,1182,1244,1298,1412,1471,1532,1586,1661,1787,1875,1964,2076,2148,2221,2310,2377,2443,2514,2591,2677,2749,2825,2906,2976,3063,3135,3226,3319,3393,3468,3560,3612,3678,3762,3848,3910,3974,4037,4141,4241,4335,4436,4520"
                    },
                    "to": {
                        "startLines": "2,33,34,35,36,55,56,57,58,59,60,61,62,63,64,65,66,67,68,69,70,71,72,73,74,75,76,77,78,79,80,81,82,83,84,85,86,87,88,89,90,91,92,93,94,95,96,97,98,99,100,101,102,103,106",
                        "startColumns": "4,4,4,4,4,4,4,4,4,4,4,4,4,4,4,4,4,4,4,4,4,4,4,4,4,4,4,4,4,4,4,4,4,4,4,4,4,4,4,4,4,4,4,4,4,4,4,4,4,4,4,4,4,4,4",
                        "startOffsets": "105,2969,3048,3140,3252,6040,6104,6199,6269,6332,6439,6506,6567,6634,6696,6750,6864,6923,6984,7038,7113,7239,7327,7416,7528,7600,7673,7762,7829,7895,7966,8043,8129,8201,8277,8358,8428,8515,8587,8678,8771,8845,8920,9012,9064,9130,9214,9300,9362,9426,9489,9593,9693,9787,10119",
                        "endLines": "5,33,34,35,36,55,56,57,58,59,60,61,62,63,64,65,66,67,68,69,70,71,72,73,74,75,76,77,78,79,80,81,82,83,84,85,86,87,88,89,90,91,92,93,94,95,96,97,98,99,100,101,102,103,106",
                        "endColumns": "12,78,91,111,81,63,94,69,62,106,66,60,66,61,53,113,58,60,53,74,125,87,88,111,71,72,88,66,65,70,76,85,71,75,80,69,86,71,90,92,73,74,91,51,65,83,85,61,63,62,103,99,93,100,83",
                        "endOffsets": "273,3043,3135,3247,3329,6099,6194,6264,6327,6434,6501,6562,6629,6691,6745,6859,6918,6979,7033,7108,7234,7322,7411,7523,7595,7668,7757,7824,7890,7961,8038,8124,8196,8272,8353,8423,8510,8582,8673,8766,8840,8915,9007,9059,9125,9209,9295,9357,9421,9484,9588,9688,9782,9883,10198"
                    }
                },
                {
                    "source": "/Users/sreeram-10645/.gradle/caches/transforms-2/files-2.1/80c0bace7931a1d0598ee7c9ea4f6198/jetified-play-services-basement-17.1.0/res/values-kk/values.xml",
                    "from": {
                        "startLines": "4",
                        "startColumns": "0",
                        "startOffsets": "247",
                        "endColumns": "222",
                        "endOffsets": "469"
                    },
                    "to": {
                        "startLines": "45",
                        "startColumns": "4",
                        "startOffsets": "4478",
                        "endColumns": "222",
                        "endOffsets": "4696"
                    }
                }
            ]
        }
    ]
}