{
    "logs": [
        {
            "outputFile": "/Users/sreeram-10645/Desktop/BookCave/app/build/intermediates/incremental/mergeDebugResources/merged.dir/values-b+sr+Latn/values-b+sr+Latn.xml",
            "map": [
                {
                    "source": "/Users/sreeram-10645/.gradle/caches/transforms-2/files-2.1/e8c2e83920589a500fed0d2556b72027/appcompat-1.3.1/res/values-b+sr+Latn/values-b+sr+Latn.xml",
                    "from": {
                        "startLines": "2,3,4,5,6,7,8,9,10,11,12,13,14,15,16,17,18,19,20,21,22,23,24,25,26,27,28,29",
                        "startColumns": "4,4,4,4,4,4,4,4,4,4,4,4,4,4,4,4,4,4,4,4,4,4,4,4,4,4,4,4",
                        "startOffsets": "105,212,313,419,505,609,731,816,898,989,1082,1177,1271,1371,1464,1559,1664,1755,1846,1932,2037,2143,2246,2353,2462,2569,2739,2836",
                        "endColumns": "106,100,105,85,103,121,84,81,90,92,94,93,99,92,94,104,90,90,85,104,105,102,106,108,106,169,96,86",
                        "endOffsets": "207,308,414,500,604,726,811,893,984,1077,1172,1266,1366,1459,1554,1659,1750,1841,1927,2032,2138,2241,2348,2457,2564,2734,2831,2918"
                    },
                    "to": {
                        "startLines": "7,8,9,10,11,12,13,14,15,16,17,18,19,20,21,22,23,24,25,26,27,28,29,30,31,32,33,108",
                        "startColumns": "4,4,4,4,4,4,4,4,4,4,4,4,4,4,4,4,4,4,4,4,4,4,4,4,4,4,4,4",
                        "startOffsets": "329,436,537,643,729,833,955,1040,1122,1213,1306,1401,1495,1595,1688,1783,1888,1979,2070,2156,2261,2367,2470,2577,2686,2793,2963,10296",
                        "endColumns": "106,100,105,85,103,121,84,81,90,92,94,93,99,92,94,104,90,90,85,104,105,102,106,108,106,169,96,86",
                        "endOffsets": "431,532,638,724,828,950,1035,1117,1208,1301,1396,1490,1590,1683,1778,1883,1974,2065,2151,2256,2362,2465,2572,2681,2788,2958,3055,10378"
                    }
                },
                {
                    "source": "/Users/sreeram-10645/.gradle/caches/transforms-2/files-2.1/0fb1a06253dd1fd4daeeafdcd1f6a104/navigation-ui-2.3.4/res/values-b+sr+Latn/values-b+sr+Latn.xml",
                    "from": {
                        "startLines": "2,3",
                        "startColumns": "4,4",
                        "startOffsets": "55,162",
                        "endColumns": "106,122",
                        "endOffsets": "157,280"
                    },
                    "to": {
                        "startLines": "105,106",
                        "startColumns": "4,4",
                        "startOffsets": "9986,10093",
                        "endColumns": "106,122",
                        "endOffsets": "10088,10211"
                    }
                },
                {
                    "source": "/Users/sreeram-10645/.gradle/caches/transforms-2/files-2.1/80c0bace7931a1d0598ee7c9ea4f6198/jetified-play-services-basement-17.1.0/res/values-b+sr+Latn/values.xml",
                    "from": {
                        "startLines": "4",
                        "startColumns": "0",
                        "startOffsets": "254",
                        "endColumns": "188",
                        "endOffsets": "442"
                    },
                    "to": {
                        "startLines": "46",
                        "startColumns": "4",
                        "startOffsets": "4598",
                        "endColumns": "188",
                        "endOffsets": "4782"
                    }
                },
                {
                    "source": "/Users/sreeram-10645/.gradle/caches/transforms-2/files-2.1/3ec4a919a4a852817eb0bd6abe47cd00/core-1.5.0/res/values-b+sr+Latn/values-b+sr+Latn.xml",
                    "from": {
                        "startLines": "2",
                        "startColumns": "4",
                        "startOffsets": "55",
                        "endColumns": "100",
                        "endOffsets": "151"
                    },
                    "to": {
                        "startLines": "109",
                        "startColumns": "4",
                        "startOffsets": "10383",
                        "endColumns": "100",
                        "endOffsets": "10479"
                    }
                },
                {
                    "source": "/Users/sreeram-10645/.gradle/caches/transforms-2/files-2.1/18bb10d02c50c1d885e21793df22f358/material-1.4.0-alpha01/res/values-b+sr+Latn/values-b+sr+Latn.xml",
                    "from": {
                        "startLines": "2,7,8,9,10,11,12,13,14,15,16,17,18,19,20,21,22,23,24,25,26,27,28,29,30,31,32,33,34,35,36,37,38,39,40,41,42,43,44,45,46,47,48,49,50,51,52,53,54,55,56,57,58,59,60",
                        "startColumns": "4,4,4,4,4,4,4,4,4,4,4,4,4,4,4,4,4,4,4,4,4,4,4,4,4,4,4,4,4,4,4,4,4,4,4,4,4,4,4,4,4,4,4,4,4,4,4,4,4,4,4,4,4,4,4",
                        "startOffsets": "55,279,359,453,585,666,732,825,893,956,1059,1125,1181,1252,1312,1366,1478,1535,1596,1650,1726,1851,1938,2021,2130,2212,2295,2383,2450,2516,2590,2668,2757,2833,2909,2984,3056,3146,3219,3311,3407,3479,3555,3651,3704,3771,3858,3945,4007,4071,4134,4239,4343,4439,4546",
                        "endLines": "6,7,8,9,10,11,12,13,14,15,16,17,18,19,20,21,22,23,24,25,26,27,28,29,30,31,32,33,34,35,36,37,38,39,40,41,42,43,44,45,46,47,48,49,50,51,52,53,54,55,56,57,58,59,60",
                        "endColumns": "12,79,93,131,80,65,92,67,62,102,65,55,70,59,53,111,56,60,53,75,124,86,82,108,81,82,87,66,65,73,77,88,75,75,74,71,89,72,91,95,71,75,95,52,66,86,86,61,63,62,104,103,95,106,79",
                        "endOffsets": "274,354,448,580,661,727,820,888,951,1054,1120,1176,1247,1307,1361,1473,1530,1591,1645,1721,1846,1933,2016,2125,2207,2290,2378,2445,2511,2585,2663,2752,2828,2904,2979,3051,3141,3214,3306,3402,3474,3550,3646,3699,3766,3853,3940,4002,4066,4129,4234,4338,4434,4541,4621"
                    },
                    "to": {
                        "startLines": "2,34,35,36,37,56,57,58,59,60,61,62,63,64,65,66,67,68,69,70,71,72,73,74,75,76,77,78,79,80,81,82,83,84,85,86,87,88,89,90,91,92,93,94,95,96,97,98,99,100,101,102,103,104,107",
                        "startColumns": "4,4,4,4,4,4,4,4,4,4,4,4,4,4,4,4,4,4,4,4,4,4,4,4,4,4,4,4,4,4,4,4,4,4,4,4,4,4,4,4,4,4,4,4,4,4,4,4,4,4,4,4,4,4,4",
                        "startOffsets": "105,3060,3140,3234,3366,6106,6172,6265,6333,6396,6499,6565,6621,6692,6752,6806,6918,6975,7036,7090,7166,7291,7378,7461,7570,7652,7735,7823,7890,7956,8030,8108,8197,8273,8349,8424,8496,8586,8659,8751,8847,8919,8995,9091,9144,9211,9298,9385,9447,9511,9574,9679,9783,9879,10216",
                        "endLines": "6,34,35,36,37,56,57,58,59,60,61,62,63,64,65,66,67,68,69,70,71,72,73,74,75,76,77,78,79,80,81,82,83,84,85,86,87,88,89,90,91,92,93,94,95,96,97,98,99,100,101,102,103,104,107",
                        "endColumns": "12,79,93,131,80,65,92,67,62,102,65,55,70,59,53,111,56,60,53,75,124,86,82,108,81,82,87,66,65,73,77,88,75,75,74,71,89,72,91,95,71,75,95,52,66,86,86,61,63,62,104,103,95,106,79",
                        "endOffsets": "324,3135,3229,3361,3442,6167,6260,6328,6391,6494,6560,6616,6687,6747,6801,6913,6970,7031,7085,7161,7286,7373,7456,7565,7647,7730,7818,7885,7951,8025,8103,8192,8268,8344,8419,8491,8581,8654,8746,8842,8914,8990,9086,9139,9206,9293,9380,9442,9506,9569,9674,9778,9874,9981,10291"
                    }
                },
                {
                    "source": "/Users/sreeram-10645/.gradle/caches/transforms-2/files-2.1/b4f07f32e4554f54f8ae4a9ce2b5d984/jetified-play-services-base-17.1.0/res/values-b+sr+Latn/values.xml",
                    "from": {
                        "startLines": "4,5,6,7,8,9,10,11,12,13,14,15,16,17,18,19,20",
                        "startColumns": "0,0,0,0,0,0,0,0,0,0,0,0,0,0,0,0,0",
                        "startOffsets": "252,356,544,668,776,989,1114,1252,1379,1587,1692,1883,2008,2216,2384,2478,2569",
                        "endColumns": "103,187,123,107,212,124,137,126,207,104,190,124,207,167,93,90,104",
                        "endOffsets": "355,543,667,775,988,1113,1251,1378,1586,1691,1882,2007,2215,2383,2477,2568,2673"
                    },
                    "to": {
                        "startLines": "38,39,40,41,42,43,44,45,47,48,49,50,51,52,53,54,55",
                        "startColumns": "4,4,4,4,4,4,4,4,4,4,4,4,4,4,4,4,4",
                        "startOffsets": "3447,3555,3743,3871,3983,4196,4325,4467,4787,4995,5104,5295,5424,5632,5804,5902,5997",
                        "endColumns": "107,187,127,111,212,128,141,130,207,108,190,128,207,171,97,94,108",
                        "endOffsets": "3550,3738,3866,3978,4191,4320,4462,4593,4990,5099,5290,5419,5627,5799,5897,5992,6101"
                    }
                }
            ]
        }
    ]
}